{"type": "FeatureCollection", "features": [{"type": "Feature", "properties": {"region": "Mtay", "province_count": 10}, "geometry": {"type": "MultiPolygon", "coordinates": [[[[103.4359257109029, 9.264693584541362], [103.43856777068612, 9.267513969993786], [103.43909732478176, 9.263941369098973], [103.4359257109029, 9.264693584541362]]], [[[103.45796815720473, 9.290894891685923], [103.46309421642502, 9.292386894839353], [103.46258434039504, 9.289617813911036], [103.45796815720473, 9.290894891685923]]], [[[103.47643146543982, 9.306192123167989], [103.48061583015652, 9.304221258004702], [103.47609321602914, 9.303942567095817], [103.47643146543982, 9.306192123167989]]], [[[103.48024530767486, 9.320755809133345], [103.45144383926186, 9.293145571910657], [103.44338002227028, 9.294052884433142], [103.44175383667027, 9.304411954747934], [103.43096810189644, 9.313160153118645], [103.4517672237784, 9.32738685591869], [103.47769340312811, 9.326085130424474], [103.48024530767486, 9.320755809133345]]], [[[103.41860703368769, 9.309386586122116], [103.42459817416648, 9.31425589339483], [103.42523543286899, 9.310858462448152], [103.41860703368769, 9.309386586122116]]], [[[103.4869607567336, 9.324307858720772], [103.49106485515898, 9.321903509539368], [103.48667919698744, 9.321788023098861], [103.4869607567336, 9.324307858720772]]], [[[103.50069892621451, 9.321923791949473], [103.50096900881277, 9.32715597296982], [103.50440110322842, 9.322326850104105], [103.50069892621451, 9.321923791949473]]], [[[104.02843108802438, 9.797622731503907], [104.02555738356648, 9.801112072264345], [104.02886387686647, 9.800736920972156], [104.02843108802438, 9.797622731503907]]], [[[104.04403182900575, 9.819819184907487], [104.0446578057132, 9.825232545145866], [104.04731234538849, 9.824200154913285], [104.04403182900575, 9.819819184907487]]], [[[103.99278235961827, 9.902386444678712], [103.98990658941761, 9.905875949115796], [103.99307725810905, 9.90550985579523], [103.99278235961827, 9.902386444678712]]], [[[104.02194249924702, 9.906991784743127], [104.019067158023, 9.910481718156802], [104.02237541939013, 9.910106595642901], [104.02194249924702, 9.906991784743127]]], [[[103.9837014471641, 9.912975181159709], [103.98802319501448, 9.915519027780931], [103.99324719400283, 9.913825476664442], [103.98876397827502, 9.909860469185332], [103.9837014471641, 9.912975181159709]]], [[[104.01458352770771, 9.91126669949864], [104.00903310269558, 9.913276191443117], [104.01616689028981, 9.9154241169295], [104.01458352770771, 9.91126669949864]]], [[[104.0214458720294, 9.916902488159337], [104.02015955102252, 9.921575845748748], [104.02409605808668, 9.91771931899143], [104.0214458720294, 9.916902488159337]]], [[[103.99446936187161, 9.920242949752378], [103.99997768782009, 9.923764079748537], [104.00137061805964, 9.916309927561144], [103.9983469651404, 9.918433632506208], [103.99446936187161, 9.920242949752378]]], [[[103.98113019190487, 9.918461022258441], [103.97825399902291, 9.921950463742974], [103.9815625193948, 9.921575979747729], [103.98113019190487, 9.918461022258441]]], [[[103.99309396841198, 9.92790157899475], [103.99021784567708, 9.931391243511143], [103.99352649555141, 9.931016565262325], [103.99309396841198, 9.92790157899475]]], [[[104.01629874619022, 9.928865546108113], [104.01875065242075, 9.934797765704388], [104.02130298324613, 9.931955122031297], [104.01629874619022, 9.928865546108113]]], [[[104.00912609619246, 9.949127878848572], [104.00768294511187, 9.965852162647252], [104.01166960916521, 9.970065703169723], [104.02090577518146, 9.960553519929078], [104.02374377025887, 9.945268592071898], [104.02036729081789, 9.941067051203504], [104.00912609619246, 9.949127878848572]]], [[[104.02489117388865, 9.969591016712116], [104.01188126370943, 9.985616171149445], [104.02022674476854, 9.981886777952468], [104.02489117388865, 9.969591016712116]]], [[[104.03690571802451, 9.993874580747331], [104.035948798898, 9.998711659015896], [104.04096793502225, 9.992237830811291], [104.03690571802451, 9.993874580747331]]], [[[104.00522906756748, 10.002300562820778], [104.01134869688491, 9.99755844396708], [104.0109257933907, 9.992168400451362], [104.00629533795956, 9.993948883634118], [104.00522906756748, 10.002300562820778]]], [[[104.03305235058559, 9.99960881099787], [104.02974686182824, 10.006781441210592], [104.03429770027873, 9.999727596151672], [104.03305235058559, 9.99960881099787]]], [[[104.03898380036213, 10.416394187641686], [104.07005031387092, 10.380112868014521], [104.07859327615881, 10.356068856392653], [104.07057131181665, 10.340948212190312], [104.07868865825503, 10.310159438107632], [104.07308729384357, 10.278144520253477], [104.07966584989913, 10.247931601861978], [104.03040676456061, 10.142936976959959], [104.03356654156272, 10.118309628186864], [104.01610971589076, 10.082996283052069], [104.02033797921445, 10.075523304456965], [104.04118655211772, 10.070335541851819], [104.02822700936906, 10.032763083549526], [104.05003009930971, 10.00635837673775], [104.01756549615078, 10.019206631081204], [104.00733368799933, 10.012006552660353], [104.00141057763614, 10.038601509252317], [103.98925885990855, 10.04955286857006], [103.96819913877931, 10.170009980776058], [103.95170500498205, 10.228408977692197], [103.9149944371436, 10.288508071890078], [103.88970631419511, 10.291868390513855], [103.87401189533279, 10.30764919285599], [103.85468322794867, 10.308622715266154], [103.84275990564521, 10.352556988514266], [103.8319392016329, 10.36846778875747], [103.83414245610953, 10.377827513528985], [103.84386130625433, 10.379036700583299], [103.9258958337258, 10.362523349173273], [103.94065569510428, 10.383239826956526], [103.94479680243057, 10.40219481793656], [103.96604912596644, 10.410631727672126], [103.97137951385355, 10.440761117031968], [103.98938414626139, 10.452165051176223], [104.00271351271851, 10.449759817961251], [104.02983981125834, 10.413712403904356], [104.03898380036213, 10.416394187641686]]], [[[103.81356786256686, 10.358412039983705], [103.8106826647732, 10.36190178903638], [103.81386068991895, 10.361538127482618], [103.81356786256686, 10.358412039983705]]], [[[104.06244238930486, 10.406913119145202], [104.0591801741258, 10.4100580429444], [104.06252066000053, 10.410113203761398], [104.06244238930486, 10.406913119145202]]], [[[104.05377836388044, 10.413167522663116], [104.05080740763583, 10.416588365660573], [104.05397717430719, 10.416348112675337], [104.05377836388044, 10.413167522663116]]], [[[104.04844081559122, 10.415584255509032], [104.04490601769862, 10.418434539822215], [104.0481292175894, 10.41875079901024], [104.04844081559122, 10.415584255509032]]], [[[104.35647983227852, 9.645345682557263], [104.35913351669848, 9.645172688968444], [104.35893581423647, 9.643148354612947], [104.35647983227852, 9.645345682557263]]], [[[104.35243984742107, 9.650364655004864], [104.35500446118698, 9.649946876747038], [104.35281495014988, 9.647407260536681], [104.35243984742107, 9.650364655004864]]], [[[104.35549194499731, 9.653607067112489], [104.35593617141723, 9.657874601131994], [104.35868086093302, 9.654985351892549], [104.35549194499731, 9.653607067112489]]], [[[104.3404579549707, 9.669240192680775], [104.33851235895827, 9.6851662328354], [104.34831417515909, 9.694968862023416], [104.34787563964909, 9.71188521313212], [104.35589593574889, 9.697164940809444], [104.3505840199366, 9.691981476064313], [104.3552548036663, 9.65937042280683], [104.3404579549707, 9.669240192680775]]], [[[104.37483540173247, 9.708239442496335], [104.38081071504251, 9.707457332689785], [104.37704137755759, 9.698254870565847], [104.37621635929759, 9.698989408034777], [104.37483540173247, 9.708239442496335]]], [[[104.33771229508642, 9.702002202539688], [104.33469850503207, 9.712108637103995], [104.33600509136193, 9.71607997491094], [104.33771229508642, 9.702002202539688]]], [[[104.35985412906484, 9.709131493523671], [104.35698727744096, 9.712624818280801], [104.36029174187047, 9.712244494088168], [104.35985412906484, 9.709131493523671]]], [[[104.34572763682104, 9.719941979438829], [104.3483387230537, 9.728192501083129], [104.3470949570667, 9.719612952575744], [104.34572763682104, 9.719941979438829]]], [[[104.3368606047332, 9.728482947929763], [104.3339930939062, 9.731976081131279], [104.33716047107896, 9.73160489405069], [104.3368606047332, 9.728482947929763]]], [[[104.35347390589612, 9.738855106977667], [104.35919335758746, 9.741008417604462], [104.35391470410036, 9.73664118654159], [104.35347390589612, 9.738855106977667]]], [[[104.09379622091893, 9.843682833895741], [104.09268139343163, 9.852007812210786], [104.09710735472072, 9.852019674268604], [104.09379622091893, 9.843682833895741]]], [[[104.32355853000223, 10.284413864208489], [104.3238953476922, 10.288880529712742], [104.33232779858912, 10.288036972828081], [104.33192449312094, 10.287286459802317], [104.32355853000223, 10.284413864208489]]], [[[104.3138785053888, 10.29050779359983], [104.31137846114711, 10.294269061468071], [104.31455823637356, 10.293781788998388], [104.3138785053888, 10.29050779359983]]], [[[104.33573992355866, 10.291708741964896], [104.34130671443336, 10.297216766640531], [104.33756424959051, 10.290536070982967], [104.33573992355866, 10.291708741964896]]], [[[104.34733220002107, 10.301929254631432], [104.35007469609042, 10.29768139597968], [104.34483592933475, 10.297011851615707], [104.34423360929367, 10.29807525856637], [104.34733220002107, 10.301929254631432]]], [[[104.31402286636228, 10.302568823692297], [104.31925962043522, 10.305142224733913], [104.3144282438684, 10.300959564232528], [104.31402286636228, 10.302568823692297]]], [[[104.32097731565068, 10.311808856793334], [104.31926616660036, 10.31598105188408], [104.32228986988167, 10.3148869276896], [104.32097731565068, 10.311808856793334]]], [[[104.32209711369092, 10.323251020218436], [104.33677433097068, 10.32195209071648], [104.32652072415215, 10.313778107673556], [104.32209711369092, 10.323251020218436]]], [[[104.27234560726401, 10.354671400764573], [104.27359132028329, 10.357965346723404], [104.27601737370287, 10.353913246199397], [104.27234560726401, 10.354671400764573]]], [[[104.31793060231553, 10.354487006470208], [104.31949145306817, 10.36157640622622], [104.3190915011719, 10.354283577125443], [104.31793060231553, 10.354487006470208]]], [[[104.30816096026018, 10.362072501944454], [104.30528411626904, 10.365569067858246], [104.30846131313916, 10.365197907757306], [104.30816096026018, 10.362072501944454]]], [[[104.07554224517855, 10.387179426789146], [104.07298334390623, 10.390912945176353], [104.07625458288277, 10.390246278642906], [104.07554224517855, 10.387179426789146]]], [[[104.32410749056828, 10.3979692166061], [104.32891261682386, 10.40255955328081], [104.33094593630597, 10.402729652851235], [104.32849094180358, 10.39458814073015], [104.32410749056828, 10.3979692166061]]], [[[104.33477630088566, 10.40157377940642], [104.33306468418789, 10.405746698451424], [104.33617376730558, 10.404447251839258], [104.33477630088566, 10.40157377940642]]], [[[104.3298919884246, 10.404056567456678], [104.32849291131885, 10.40834929868123], [104.33132598620534, 10.406824790431756], [104.3298919884246, 10.404056567456678]]], [[[104.3405643456681, 10.424028424572157], [104.34308237994793, 10.427809116897265], [104.34233247126662, 10.423310729606555], [104.3405643456681, 10.424028424572157]]], [[[104.31198527330179, 10.433634974574488], [104.32028046337274, 10.44591599053058], [104.33172275630022, 10.43975675686886], [104.32337489383633, 10.430395607571256], [104.31198527330179, 10.433634974574488]]], [[[104.33259234586012, 10.4509560188053], [104.33009069273135, 10.45471849176505], [104.33320998225491, 10.45392195053762], [104.33259234586012, 10.4509560188053]]], [[[104.52774446093821, 8.943420867678924], [104.52050132837365, 8.95591094273584], [104.52443799911441, 8.960018086265734], [104.53066589061842, 8.947407745770874], [104.52774446093821, 8.943420867678924]]], [[[104.39359977421026, 9.635351899770399], [104.3861101536607, 9.639631789575503], [104.39831667877178, 9.643782447701824], [104.39359977421026, 9.635351899770399]]], [[[104.39383650275244, 9.647924181855558], [104.39097107925198, 9.651417578558437], [104.39413711373686, 9.651045584785948], [104.39383650275244, 9.647924181855558]]], [[[104.38037260491183, 9.655468463199043], [104.38408246033731, 9.65577321556151], [104.3815691753772, 9.651719765155065], [104.38037260491183, 9.655468463199043]]], [[[104.38828753014548, 9.66020807744087], [104.39170163812014, 9.676427866752704], [104.39819033841343, 9.675499005574693], [104.38828753014548, 9.66020807744087]]], [[[104.37991345334325, 9.67763066412391], [104.37704737963293, 9.68112406172611], [104.38035130177121, 9.680743441656546], [104.37991345334325, 9.67763066412391]]], [[[104.39680053062006, 9.679709008164252], [104.39393471501512, 9.683202649482723], [104.39710123423464, 9.682830589160403], [104.39680053062006, 9.679709008164252]]], [[[104.398410622852, 9.684417853900868], [104.39554476857626, 9.687911549178693], [104.39871135704357, 9.687539460078085], [104.398410622852, 9.684417853900868]]], [[[104.37926929863926, 9.686757065186441], [104.38524924435723, 9.692960559881953], [104.38912777932364, 9.69302753779067], [104.38449405755478, 9.6837974071247], [104.37926929863926, 9.686757065186441]]], [[[104.49536696521335, 9.976247524203927], [104.49249869355992, 9.979744375202813], [104.4956695978737, 9.979370624155024], [104.49536696521335, 9.976247524203927]]], [[[104.50158078232732, 10.087786273717597], [104.5052097041646, 10.086502610207333], [104.50019270123221, 10.085590420661447], [104.50158078232732, 10.087786273717597]]], [[[104.51058285481497, 10.089247906765536], [104.50723309513131, 10.092295328766454], [104.51060491698337, 10.092413079699895], [104.51058285481497, 10.089247906765536]]], [[[104.50922221293484, 10.099128365082038], [104.51468013817788, 10.106068690517702], [104.51092975480441, 10.096286904017461], [104.50922221293484, 10.099128365082038]]], [[[104.50337093861799, 10.108729243060168], [104.49452238759818, 10.103532208444733], [104.49937964305616, 10.113624677436974], [104.50337093861799, 10.108729243060168]]], [[[104.49325786166105, 10.126153144552006], [104.49691124775592, 10.128424510083107], [104.49711449273968, 10.122936664395581], [104.49325786166105, 10.126153144552006]]], [[[104.53836175808874, 10.125590784087478], [104.54401242423404, 10.133203449879375], [104.5409730286824, 10.12346509973463], [104.53836175808874, 10.125590784087478]]], [[[104.49425764697287, 10.13569790753246], [104.49305640183155, 10.138867163388909], [104.49531989919404, 10.137943042537415], [104.49425764697287, 10.13569790753246]]], [[[104.54573874574658, 10.135827192271165], [104.54238874774256, 10.138875418265968], [104.54576135290415, 10.138992613418395], [104.54573874574658, 10.135827192271165]]], [[[104.49810629926634, 10.138864955553288], [104.49475554583182, 10.14191243601016], [104.49790749333619, 10.141977169211032], [104.49810629926634, 10.138864955553288]]], [[[104.49176826869069, 10.139002784750744], [104.49325989322955, 10.144829562434381], [104.49401945073714, 10.144727207894391], [104.49176826869069, 10.139002784750744]]], [[[104.52163757591347, 10.139666292865172], [104.51729074866915, 10.144220852710248], [104.51830250305812, 10.145185481724639], [104.52163757591347, 10.139666292865172]]], [[[104.53177717028024, 10.14056086469219], [104.52890722588785, 10.144059205867734], [104.53221830483096, 10.143675873442874], [104.53177717028024, 10.14056086469219]]], [[[104.54558042010035, 10.141357155008734], [104.55150658366199, 10.145910055604645], [104.5483009439335, 10.139967800473642], [104.54558042010035, 10.141357155008734]]], [[[104.54983098121488, 10.14967603052446], [104.54911042460645, 10.154196953926316], [104.55324174101361, 10.14901839228503], [104.54983098121488, 10.14967603052446]]], [[[104.50568625221882, 10.150852055078303], [104.50281572056912, 10.15435009947754], [104.5061270135509, 10.153967173546278], [104.50568625221882, 10.150852055078303]]], [[[104.51617443640117, 10.151914546519151], [104.52278077161537, 10.160947341646533], [104.5246275744031, 10.160357719133458], [104.51970489776289, 10.149109459434044], [104.51617443640117, 10.151914546519151]]], [[[104.52999391178963, 10.161275134639823], [104.52712364813789, 10.164773574740707], [104.53029734214869, 10.1643991797784], [104.52999391178963, 10.161275134639823]]], [[[104.53163754963327, 10.17067772469727], [104.52210336807605, 10.186239912641895], [104.52511147081776, 10.189916075866279], [104.53132179136765, 10.185335886242228], [104.53163754963327, 10.17067772469727]]], [[[104.87964087232848, 8.381162946512802], [104.87785883601651, 8.384373385023764], [104.88043381806631, 8.38359283823894], [104.87964087232848, 8.381162946512802]]], [[[104.85723037128469, 8.419021023201708], [104.85413533108073, 8.412801091597146], [104.84756525383347, 8.412868738601446], [104.84993213186243, 8.420748342062382], [104.85723037128469, 8.419021023201708]]], [[[104.83701703900522, 8.439643725077872], [104.83702576602633, 8.426316657287941], [104.82350706979548, 8.421202451132274], [104.8161236636762, 8.427090170475026], [104.84059051763836, 8.45532049924168], [104.84444073205418, 8.444075402457884], [104.83701703900522, 8.439643725077872]]], [[[104.5644475338267, 8.880636771070158], [104.56405436731524, 8.884873418773282], [104.56605273284742, 8.883122938772658], [104.5644475338267, 8.880636771070158]]], [[[106.30890199762916, 10.024358642037726], [106.35479128908679, 10.000000159080116], [106.41046208915418, 9.958394553465894], [106.47976809801935, 9.922308767135917], [106.57014789880657, 9.83354170528554], [106.5962072407716, 9.800222477285558], [106.56063822557371, 9.745352018980554], [106.56892437296148, 9.731484837255493], [106.56866049478606, 9.697100785872635], [106.57717352763626, 9.691618112186177], [106.57641662942399, 9.666041060446616], [106.5595552601672, 9.622882320262931], [106.52698747239401, 9.578763360440803], [106.4984303093114, 9.557396744763992], [106.4611394683119, 9.543490536958757], [106.4105159540481, 9.528198855193068], [106.40633955912341, 9.530013426278629], [106.41102871510316, 9.536156328251991], [106.4034669347513, 9.539397625200309], [106.37850627834212, 9.528521218079788], [106.37402461484419, 9.532605231046603], [106.37898093602143, 9.541165481002167], [106.36745665100369, 9.555421140173507], [106.34141711660669, 9.580356987884727], [106.31375966587592, 9.593856657159051], [106.29049562277481, 9.574975536491877], [106.27699957507042, 9.540776207655881], [106.25720427555694, 9.513768948778022], [106.23964227597031, 9.503112161497086], [106.20405846602546, 9.49551033613318], [106.19791637703923, 9.466116465402592], [106.1562289430114, 9.41097708102751], [106.16093522837815, 9.416444816075455], [106.17923139671166, 9.41284491266265], [106.18750577017522, 9.403971323617725], [106.18634086573843, 9.37874462616361], [106.16327567173494, 9.355572384058348], [106.12702486610476, 9.338487455032066], [106.09929003140991, 9.341444402537206], [105.87415568034044, 9.26566820682234], [105.7403008909734, 9.208810481518583], [105.73779696795577, 9.2004151132669], [105.53997037163538, 9.119563544122286], [105.4824083449692, 9.085290978096225], [105.42749945413658, 9.026090464903064], [105.41375392730197, 9.023593626744514], [105.39659215210622, 8.99822881320921], [105.37953162528436, 8.939082976098518], [105.32859212522646, 8.835291296955859], [105.26886718407337, 8.770078859951468], [105.1798076123315, 8.74038276125549], [105.12674681661235, 8.674876487859649], [105.1269467368025, 8.658532630776335], [105.10567823086575, 8.63615385511639], [105.07136535003093, 8.62352051356089], [105.05766079001353, 8.62489296623744], [105.00071857520214, 8.598208723154073], [104.98175923689934, 8.599995050131497], [104.96006842012156, 8.588597359080893], [104.84126729435019, 8.564710607408642], [104.71900829509678, 8.604013337045899], [104.71147960709823, 8.634937325097496], [104.71951699841082, 8.646525267726986], [104.7399648334104, 8.647042326642122], [104.749377136146, 8.63409052525759], [104.75628849082125, 8.642122783239927], [104.79923772494112, 8.6549027151882], [104.81558194714921, 8.652860544578516], [104.78866499639253, 8.679170579758477], [104.78165145984707, 8.698647013848642], [104.78831247833824, 8.714535765413302], [104.82211810826414, 8.73727437511235], [104.86906481808694, 8.750921356935123], [104.88448038775977, 8.78102636027836], [104.89579229607767, 8.786143482935415], [104.90032227205529, 8.796995667715919], [104.8980727600499, 8.808043939776041], [104.87224428574524, 8.79249676511364], [104.80898581204565, 8.773421965551336], [104.78567588643307, 8.796638755574179], [104.77887990398443, 8.817656553007566], [104.79963520729905, 8.92514126215957], [104.80048920980926, 9.025599957572012], [104.81558859313913, 9.035070910494198], [104.8018020671118, 9.046517209002047], [104.80626584669153, 9.182218780472397], [104.8192125911882, 9.262952576200462], [104.83469298579274, 9.553862708597194], [104.85611415164686, 9.720667798879845], [104.88518798873474, 9.827635820536727], [104.90024365961727, 9.852192686743138], [104.9321758155615, 9.847869286838147], [104.95425523838861, 9.855223882276391], [105.015677039264, 9.918742403039516], [105.04703571732455, 9.942784760808138], [105.07658183968022, 9.949719919638653], [105.08621896933005, 9.928681711192041], [105.09619447609424, 9.927963652000983], [105.10722793811891, 9.951741911260228], [105.09997988716214, 9.955542225893055], [105.07226255687158, 10.013808626766775], [104.99490956092757, 10.09152400093194], [104.9715235661597, 10.100782171560013], [104.9034801119177, 10.08686147927392], [104.88199099059182, 10.090553360848958], [104.81285598061908, 10.18623534678386], [104.76824580839741, 10.219798959254604], [104.7312357042644, 10.227968251433708], [104.70251569194568, 10.214444863439724], [104.67091948764431, 10.184169895424361], [104.64220066872593, 10.137298475943965], [104.6156030618319, 10.148183630770006], [104.5982372511483, 10.145322174179057], [104.60812527096454, 10.16395674480799], [104.58758555133221, 10.187765760881234], [104.59484248399349, 10.193804026734483], [104.58339606317782, 10.20848242392475], [104.59031097107453, 10.216314892118646], [104.58542942312943, 10.248367996985507], [104.55154636876995, 10.289730224470304], [104.54217559942441, 10.29261831898026], [104.52911950636019, 10.278091730948688], [104.53236360739464, 10.287948846462143], [104.52552806197053, 10.302259370573552], [104.53014586843716, 10.311576239052215], [104.52529388300638, 10.324821629514645], [104.48216483124202, 10.38027071702004], [104.46962562802037, 10.382759194181517], [104.44133963571568, 10.365670587827424], [104.44143133778607, 10.38624778220941], [104.45076151623107, 10.400656794675399], [104.43693743631371, 10.422998745795553], [104.47771490571836, 10.42846821203841], [104.49354074790728, 10.412109052091125], [104.50955738306686, 10.42153358470722], [104.51972174836004, 10.448696285105541], [104.53136512699905, 10.453224907603442], [104.53508913325697, 10.449361705178603], [104.54715752430036, 10.459758057788179], [104.556448475217, 10.499751428985292], [104.58104844233179, 10.504659311777857], [104.58173433996785, 10.527881192862822], [104.59649243417857, 10.540821722144813], [104.62696745458442, 10.531101278401309], [104.63940194884094, 10.53232841772234], [104.64756873910608, 10.540679631959506], [104.69170241093758, 10.539325159428586], [104.75791807316062, 10.519808003136859], [104.86889099172595, 10.524576427160412], [104.89552690164527, 10.547578390730223], [104.93343656524536, 10.615445024768121], [104.9604889071374, 10.646669528476025], [105.09252071765707, 10.725113428142265], [105.087694383589, 10.753496762165867], [105.06077796613027, 10.779384521578436], [105.05875978223821, 10.817293373990083], [105.0282472753915, 10.886907236979425], [105.04912414366436, 10.931084294804407], [105.07452230406113, 10.944642385837483], [105.07694078518915, 10.959641336478569], [105.09613181673001, 10.954670143212581], [105.11220812820261, 10.962166353994064], [105.11462924614284, 10.9469230539558], [105.09732006486917, 10.922679235458418], [105.1015649296778, 10.92081229954806], [105.15753557090994, 10.92304412009014], [105.18066661597163, 10.913087367787853], [105.1980936623927, 10.913320563793036], [105.23429255735567, 10.896564308196332], [105.26132864759904, 10.899118906212607], [105.33608302281328, 10.858311138648162], [105.35764758556769, 10.887753627627887], [105.36621312083889, 10.888903462125143], [105.37126277096019, 10.904738325413462], [105.37832672709686, 10.903166991263674], [105.3845493296879, 10.919539301097927], [105.4038292987832, 10.930727060705351], [105.42417860405936, 10.974106511606294], [105.44962844040026, 10.955906314424908], [105.47142999879549, 10.96556734805472], [105.48626130501526, 10.951461836094893], [105.49494419012234, 10.948478371179931], [105.49763023214956, 10.95393547893923], [105.51408688130459, 10.923734016112007], [105.58144194588914, 10.893149946612823], [105.61067840918128, 10.833056313997758], [105.59393264687424, 10.831725452267847], [105.77716819895329, 10.661236318901047], [105.80464903722333, 10.655123423707096], [105.83255684662123, 10.639377227277294], [105.90827359265222, 10.539464897886774], [105.94102262979061, 10.537294438987203], [105.94006767478345, 10.495707251488511], [105.8579379675632, 10.40915411906741], [105.8428215276914, 10.367037125662875], [105.81402711625844, 10.371632128020337], [105.81519722956853, 10.323632348054446], [105.8278222820727, 10.319047350654785], [105.82004801980031, 10.311384191527281], [105.83652926721197, 10.299106123548825], [105.872050228935, 10.292681061082135], [105.8992099103092, 10.275035800461865], [105.92392814097099, 10.285185076030473], [105.97829253367354, 10.330374604104748], [105.99206205262169, 10.330606532065872], [106.03270892967345, 10.29983505644276], [106.02695133683477, 10.274616882762984], [106.03334563709154, 10.27185661339206], [106.03647915299058, 10.250936423876908], [106.11035578179394, 10.237858167920137], [106.17342430069101, 10.175918156098078], [106.18710267514842, 10.176878248932098], [106.202192119171, 10.166152264215668], [106.30890199762916, 10.024358642037726]]], [[[104.80030987420139, 9.177936199895782], [104.79825442060508, 9.180991079974433], [104.80089957495551, 9.180369563005002], [104.80030987420139, 9.177936199895782]]], [[[104.64918405729844, 9.799032840593156], [104.61171572160333, 9.798246372671997], [104.6159411367741, 9.81355292562705], [104.63188910869547, 9.82396919821997], [104.65526279714044, 9.81921729384311], [104.64918405729844, 9.799032840593156]]], [[[104.82558293440496, 9.958067885524542], [104.82686675889386, 9.968505509821455], [104.85147147083177, 9.978832807987772], [104.84381774199528, 9.97263495024282], [104.83704776794019, 9.949894637227771], [104.82558293440496, 9.958067885524542]]], [[[104.54189350817893, 10.032856743444029], [104.55313088788023, 10.038710773283583], [104.55979927091965, 10.027450982476921], [104.55675083718143, 10.017813051531164], [104.54851028811936, 10.016517444124815], [104.54189350817893, 10.032856743444029]]], [[[104.5534411081207, 10.13317725802409], [104.55057163587236, 10.136675851909104], [104.55374485414177, 10.136301119700988], [104.5534411081207, 10.13317725802409]]], [[[104.58724777136763, 10.152875960457266], [104.58598531836782, 10.155865295247224], [104.59096268637893, 10.15491312454111], [104.58724777136763, 10.152875960457266]]], [[[104.56980038857711, 10.15596011886447], [104.57552430720108, 10.15808744717799], [104.58042201596334, 10.156068095066587], [104.57462703021332, 10.153775885049129], [104.56980038857711, 10.15596011886447]]], [[[104.57813135008178, 10.16831672463718], [104.5756805653059, 10.172117647211678], [104.57867586799699, 10.17155249255353], [104.57813135008178, 10.16831672463718]]], [[[104.57790770397742, 10.173427373974164], [104.57510855331714, 10.176976078083612], [104.57821188077372, 10.176551411918183], [104.57790770397742, 10.173427373974164]]], [[[104.58902004643807, 10.177345938664189], [104.59191364569824, 10.18098258118124], [104.59041335978878, 10.176530959536194], [104.58902004643807, 10.177345938664189]]], [[[104.57133484332843, 10.178706406075833], [104.56846503923026, 10.182205515272358], [104.5717766586659, 10.181821532637684], [104.57133484332843, 10.178706406075833]]]]}}, {"type": "Feature", "properties": {"region": "DNI-BPH", "province_count": 2}, "geometry": {"type": "Polygon", "coordinates": [[[107.5428033759751, 11.363348189167652], [107.53364249940188, 11.329480691280935], [107.51659426361442, 11.312859809732458], [107.5213443639513, 11.25331919542458], [107.51070943019613, 11.244883288433073], [107.49532546180069, 11.24335266389437], [107.49772214156366, 11.221278575845645], [107.48650927738129, 11.225095734780382], [107.48097229183787, 11.202336276997642], [107.47141723611662, 11.200349314869015], [107.4690941451787, 11.179706919638704], [107.45896076242929, 11.177624089779954], [107.45572308165498, 11.152269688595311], [107.43251653670887, 11.137443696469461], [107.45226875330036, 11.113357737769434], [107.44321632057677, 11.088484776051644], [107.4396923496223, 11.08437325821933], [107.43090442010299, 11.089135496705865], [107.42129625491827, 11.078826283905926], [107.42394488514839, 11.064539106194843], [107.41497187425267, 11.051391796694134], [107.39278426208409, 11.050712916467944], [107.43688266160564, 11.034159064089579], [107.46968529923726, 11.008905761092024], [107.50240326300025, 11.015222905812493], [107.54069956313441, 10.978585460050965], [107.55838490923622, 10.938472508699363], [107.55784273765227, 10.869229393022124], [107.57450350683143, 10.834304984887183], [107.56741087760997, 10.811363935996894], [107.5280989739885, 10.779047214657282], [107.49012461316045, 10.769425292543247], [107.45012225503808, 10.8049462308839], [107.44199784532435, 10.804649446514816], [107.41872777586622, 10.773469752427161], [107.40046549578608, 10.770996214803517], [107.37487046480015, 10.738776504232305], [107.35909949114864, 10.728791273098807], [107.34613598598702, 10.705450723771946], [107.35025245278854, 10.679020238793044], [107.33443810123742, 10.679746256984231], [107.31831709795574, 10.669664013283636], [107.29742764367086, 10.687842854264375], [107.30447353602494, 10.714420022266268], [107.29857695925932, 10.755708285009405], [107.26011954827857, 10.756484159816182], [107.22922620462572, 10.765054971409825], [107.21152317695311, 10.759030963408293], [107.20507040907216, 10.760368489114512], [107.20477771212177, 10.776482834715125], [107.18659850421767, 10.773008484753802], [107.15180578560859, 10.745494296025015], [107.13483453088895, 10.746999806096198], [107.13712450788978, 10.709259624232345], [107.13123600433818, 10.686312959975169], [107.0938599570714, 10.653474906142037], [107.04412249265897, 10.658700818887723], [107.01219763111584, 10.644709728571172], [107.01524058078826, 10.634058117787959], [107.00325306757509, 10.638313256451681], [106.99545968481664, 10.63192197072243], [106.99874116976923, 10.619683453128914], [107.0242094799836, 10.592643483210225], [107.00924781343588, 10.555229311883295], [107.02551066768325, 10.541476691196408], [107.0114540095949, 10.52501654008131], [107.00069208527157, 10.53182647281352], [106.98762128289593, 10.530209260648917], [106.9830439684045, 10.53799669259331], [106.98624515199225, 10.55419603401981], [106.9776528151254, 10.56444713802506], [106.98206191502544, 10.580033727274724], [106.91939121932938, 10.610790403654278], [106.91045673718872, 10.60882400992017], [106.88007923297027, 10.648974794850972], [106.87233061036943, 10.649432845649358], [106.8594060170741, 10.638133122245847], [106.8407692323143, 10.63880439870411], [106.83594699016152, 10.629102472900854], [106.82373536769313, 10.629285929202297], [106.80586710758104, 10.65771949216088], [106.75942626461051, 10.689832741887585], [106.74961557030241, 10.713503258768412], [106.76823972678204, 10.74548998377577], [106.79967467094934, 10.761757432659465], [106.81507197898873, 10.780978469181036], [106.82398179812157, 10.778007068671343], [106.82333029415781, 10.7608895302277], [106.84388728796802, 10.77614903155262], [106.8611147856189, 10.766390890926914], [106.87255508744738, 10.769091296925865], [106.8628280552706, 10.789713827031562], [106.88049509027627, 10.811106237063257], [106.84597236163523, 10.860357594527443], [106.84910397996475, 10.877328842951783], [106.83708424494199, 10.902995610159337], [106.81541714058864, 10.905173830208128], [106.80910988031678, 10.919895057610859], [106.7609714446765, 10.953672242879748], [106.7609015053003, 10.965251128436876], [106.77859554424901, 10.96478712412653], [106.79436341703814, 10.973079513708626], [106.7729101471856, 11.005880794263305], [106.7893931518725, 11.022367208280059], [106.80903014732348, 11.028591340617936], [106.81064874534337, 11.040268863817062], [106.79707150234799, 11.054916216410334], [106.800689797796, 11.061049098137403], [106.82624659770238, 11.065083004477117], [106.83790686291144, 11.04125482744837], [106.87090121891617, 11.021431909754881], [106.89250340121106, 11.028492221838633], [106.90574362237032, 11.0227274910809], [106.92172085373448, 11.05817975269349], [106.93250047491705, 11.065649571970198], [106.93985205672709, 11.057351942937885], [106.94731291785695, 11.06068827214608], [106.94549549681977, 11.089092844559161], [106.96387409341474, 11.110429599146755], [106.95213382271783, 11.13941457602192], [106.96437056235163, 11.149239282666827], [106.93947588740235, 11.169311997850457], [106.94430496979857, 11.177124778086068], [106.93202557891738, 11.189004423915094], [106.90483930009367, 11.193454731650604], [106.89958421693814, 11.21114823550272], [106.91578327058153, 11.219110920132891], [106.90998757166915, 11.24292650665302], [106.92981770102614, 11.245219966728143], [106.92805543630942, 11.278996064716637], [106.94059983761247, 11.294089331757277], [106.93476249199546, 11.308900733282258], [106.9508441652261, 11.324655398627783], [106.94984836121296, 11.338734447137085], [106.93568210004895, 11.354110543766637], [106.91049926163168, 11.356026155482766], [106.90017903933125, 11.342569588016147], [106.88470476731123, 11.342942447835753], [106.86863679075537, 11.325365121103516], [106.87322144371473, 11.308522705958183], [106.85497133236117, 11.316498218518007], [106.8541691595791, 11.33020838221114], [106.86197584331057, 11.342942063825262], [106.85488221494234, 11.350989273036589], [106.85255907723968, 11.377412293642465], [106.82419543207357, 11.385779918708351], [106.81139464934364, 11.376963230668593], [106.78333351722807, 11.382076881043247], [106.76725765361789, 11.408991860486026], [106.7687470919048, 11.427344375842324], [106.78745805004905, 11.433196624124946], [106.804861625064, 11.453773510039525], [106.80189123898953, 11.483321041632792], [106.79543524883775, 11.492609300878598], [106.75010015379911, 11.475713407547744], [106.75413235412492, 11.451219619789697], [106.73687209507119, 11.433432309453565], [106.72481927668832, 11.43295770663292], [106.72466501327978, 11.424918540058627], [106.70235692792994, 11.398253854531788], [106.68380101740308, 11.395544278145962], [106.67380479565486, 11.35570748521235], [106.66810389607798, 11.355523358016626], [106.61590231174233, 11.363796484120485], [106.61185110784243, 11.389212617468388], [106.56070405414886, 11.37156464988874], [106.53780396128383, 11.38935406373912], [106.54652525193887, 11.406699299732963], [106.54009067194704, 11.42832691395597], [106.57246533480742, 11.456863898050528], [106.55563699225343, 11.48538398658178], [106.53867817965431, 11.469113656270281], [106.49010198821622, 11.498716672436558], [106.43464723408266, 11.502254252831563], [106.42335604434601, 11.495223600388897], [106.42115497162467, 11.50648374283054], [106.43211989181964, 11.540305518285095], [106.44100019340425, 11.547304484014774], [106.4710916709439, 11.54752517584626], [106.48808256505839, 11.570758358711316], [106.4841367751921, 11.606018132131169], [106.46655156410344, 11.617469697068941], [106.45318975820084, 11.654493682237671], [106.45228040511665, 11.689903397823628], [106.42516249994947, 11.728536088469752], [106.41259523068538, 11.766364622429421], [106.4466985928658, 11.82636214269877], [106.4374579005617, 11.84032669042449], [106.43988486499461, 11.860164682554114], [106.44557608067163, 11.867440429032627], [106.46398449608768, 11.867520215985223], [106.40858427864163, 11.976556963433154], [106.42911956371694, 11.972586749778714], [106.44244574117806, 11.988229035841357], [106.45452522266095, 11.989620171933439], [106.46936595017854, 11.976705985592787], [106.48472794543841, 11.972765559283175], [106.51385082885275, 11.982088467608719], [106.52492768226676, 11.979417080933615], [106.5310673044126, 11.969988434818447], [106.62564654525193, 11.976049837530013], [106.63082277495118, 11.962112761394849], [106.6394381479522, 11.975946156489954], [106.64442946175029, 11.96606797165964], [106.65727250092522, 11.965183295073075], [106.64979988115965, 11.977946504127885], [106.65607984700739, 11.988892676156127], [106.69055157869246, 11.966174276022059], [106.71556972876004, 11.970351021682347], [106.73863694084218, 11.996657165495833], [106.75755674404854, 12.038826288102769], [106.79111019597883, 12.08236750725473], [106.82116070760065, 12.084123460529327], [106.84728274939943, 12.068673507976087], [106.87247618362903, 12.074888790984971], [106.90749034320481, 12.069338132149142], [106.91274325359831, 12.063001511710468], [106.94434085005025, 12.06873221751789], [106.99215748488007, 12.095875545620004], [107.01010815976383, 12.120347206458462], [107.04445633179432, 12.134425264814183], [107.05756424739218, 12.157545096229285], [107.07758259136358, 12.1649916221657], [107.06840978798141, 12.177693474074601], [107.0729201641343, 12.188122549416164], [107.09044951833067, 12.182096867776295], [107.09818103043028, 12.206538150415383], [107.13629679076433, 12.240038690733059], [107.1506945320271, 12.271996909030179], [107.20290421385846, 12.298844461802503], [107.22605802975431, 12.157682521631102], [107.22222748710891, 12.128563234605622], [107.22667583612099, 12.116983235687826], [107.23919895406851, 12.115437131118767], [107.22794533261106, 12.088949644410604], [107.22816081826721, 12.029635438025082], [107.24047463609566, 12.039844400698598], [107.24125000458412, 12.027286460102118], [107.24746101581331, 12.022643340417858], [107.2772742682929, 12.014583283491788], [107.29127757679879, 12.02126993715791], [107.29368171733745, 12.01087075348255], [107.31514318900702, 12.008209811533618], [107.33477230639687, 11.99310503766742], [107.34946095316053, 11.969280030748848], [107.35447197919854, 11.95259287546088], [107.35116623413444, 11.940441843916005], [107.38432851335028, 11.915841228390036], [107.40435862405133, 11.869195815734372], [107.4253542936658, 11.86183862485268], [107.4034037652716, 11.81896797978851], [107.40739994325281, 11.806987371570017], [107.39369624298729, 11.800534189101597], [107.3919471353521, 11.770271540898932], [107.37024029985002, 11.771187412269285], [107.34465675320666, 11.751335503131031], [107.325031339225, 11.750708574940802], [107.28670889310098, 11.72982024480848], [107.28367700778773, 11.688755227971455], [107.26403052718712, 11.661330299653628], [107.27123217492499, 11.650960935698663], [107.2675099637139, 11.640709405414782], [107.3026060299444, 11.618073341811339], [107.30519616916791, 11.600978382646304], [107.29619119276941, 11.584706832854124], [107.31025598972224, 11.554536889465908], [107.33128394499812, 11.554920001556866], [107.34435417990153, 11.544055478977214], [107.36011910920956, 11.582936034470436], [107.36519450332372, 11.561911260096622], [107.3592006307046, 11.556244830634455], [107.37727562517, 11.542884607538667], [107.37531763560048, 11.527911351427747], [107.36547202511395, 11.518562691914724], [107.37166896015447, 11.516039700571753], [107.38581597402805, 11.527386773281023], [107.40756636369679, 11.52966239260536], [107.41643089027343, 11.513626976004161], [107.42891827186082, 11.519990024819833], [107.46900035668119, 11.480816685141974], [107.44483093280138, 11.44960242021557], [107.42883330031663, 11.44080609282696], [107.42903598322408, 11.4263381540826], [107.43976442938498, 11.432485738825847], [107.44213862609678, 11.420662502072844], [107.4505413112326, 11.420820584902117], [107.4553435263827, 11.431653412674905], [107.47302573385059, 11.437061778977977], [107.48698722927725, 11.42614790969833], [107.48705380518902, 11.399567570686884], [107.5118118938039, 11.38190664747384], [107.53358198222276, 11.356058594928243], [107.5428033759751, 11.363348189167652]]]}}, {"type": "Feature", "properties": {"region": "LDO-BTH", "province_count": 3}, "geometry": {"type": "MultiPolygon", "coordinates": [[[[108.90112295026398, 10.048088974626523], [108.9069110615963, 10.050702035770371], [108.90547966825216, 10.04717211400191], [108.90112295026398, 10.048088974626523]]], [[[108.95902345926527, 10.504955361400846], [108.92937632415811, 10.51549979098263], [108.92066282073267, 10.545586270989645], [108.92896930808718, 10.554894372877072], [108.95444549006737, 10.54980940997632], [108.95760931132071, 10.525837184938212], [108.9665351221982, 10.516650763122243], [108.95902345926527, 10.504955361400846]]], [[[108.95134072999076, 10.554941325581751], [108.94981110729685, 10.556609005900953], [108.95136130288188, 10.556512464578645], [108.95134072999076, 10.554941325581751]]], [[[108.87212065784217, 10.621174681066748], [108.86837328539889, 10.623741422628598], [108.87170729615485, 10.624294039838105], [108.87212065784217, 10.621174681066748]]], [[[107.80235100009861, 10.65136687368232], [107.79858975381416, 10.653914598180222], [107.801921331904, 10.654484229663524], [107.80235100009861, 10.65136687368232]]], [[[107.99193409218469, 10.694461051536337], [107.99011358287561, 10.697970135113678], [107.99337168275702, 10.696478944048067], [107.99193409218469, 10.694461051536337]]], [[[108.30031066400602, 10.909147919940608], [108.29822483580756, 10.913182723803686], [108.30122351905021, 10.911476119027725], [108.30031066400602, 10.909147919940608]]], [[[108.88454321719576, 11.338229782678354], [108.78666367039216, 11.31440811674122], [108.77513393278485, 11.289178795065368], [108.7543723665915, 11.282399180277991], [108.72745918939012, 11.185766917609214], [108.70605152865517, 11.166384187480332], [108.69315950071046, 11.184576671176501], [108.66988319175596, 11.192548411080338], [108.64265720156868, 11.192501175089205], [108.6238695744214, 11.18676704556276], [108.61559006313098, 11.176842056415808], [108.61053008609468, 11.184115693084834], [108.58772446880926, 11.184895737148622], [108.5596845543987, 11.164073814754772], [108.52140862121098, 11.153373247577349], [108.49364820889781, 11.114488260225073], [108.4767597790406, 11.072118256052704], [108.47478777173836, 11.048863949012059], [108.45735009443138, 11.041676460200506], [108.43243387442385, 11.04854593704539], [108.4122794369465, 11.02765331354965], [108.40848921900232, 11.034329080023099], [108.37882120343585, 11.036526662475524], [108.36167999933258, 11.026502207411], [108.3443998670603, 10.995273463399656], [108.33655899739989, 10.954322368182773], [108.32987760296908, 10.95200153184527], [108.32049115034636, 10.961509044906563], [108.30746384008421, 10.957612342735501], [108.29647945586225, 10.939652680926542], [108.29392839937617, 10.91555464702941], [108.27934744193095, 10.917349997804195], [108.27593634218852, 10.942711638531364], [108.22739716684583, 10.956050537802128], [108.18711793714317, 10.938090749188746], [108.15627881901236, 10.931101827986993], [108.13394478282555, 10.935493276893283], [108.10681491397713, 10.918589598131518], [108.09997380444759, 10.92211983825996], [108.08498870876195, 10.916044982589938], [108.06566255318432, 10.892244039730713], [108.03654485705954, 10.833776669157999], [108.01353013300928, 10.738307139962615], [107.99198766479896, 10.700425083750645], [107.97463646899791, 10.70760823603132], [107.96210612679636, 10.701966621562406], [107.93907863057439, 10.715309540802707], [107.8960320907085, 10.723033727024927], [107.84376825260284, 10.705234779461534], [107.83048013624932, 10.707435138121184], [107.81207816177778, 10.696338268496334], [107.77428706389696, 10.655628970400699], [107.75156924922152, 10.642073973934771], [107.68249495517807, 10.627032234450098], [107.65484159636264, 10.60803032943619], [107.57011156959334, 10.570545663851362], [107.56603980719143, 10.619875622961672], [107.54174779942144, 10.673688965073723], [107.54064004510207, 10.70860877857234], [107.50210202428906, 10.748573442510406], [107.5041596704325, 10.772723791769636], [107.5280989739885, 10.779047214657282], [107.55132267979792, 10.795440948141277], [107.56741087760997, 10.811363935996894], [107.57428210183758, 10.82999155846369], [107.572172994688, 10.847239346618608], [107.55784273765227, 10.869229393022124], [107.55838490923622, 10.938472508699363], [107.54069956313441, 10.978585460050965], [107.50635276077134, 11.01289330198432], [107.46968529923726, 11.008905761092024], [107.43688266160564, 11.034159064089579], [107.39278426208409, 11.050712916467944], [107.41497187425267, 11.051391796694134], [107.42394488514839, 11.064539106194843], [107.42129625491827, 11.078826283905926], [107.43090442010299, 11.089135496705865], [107.4396923496223, 11.08437325821933], [107.44321632057677, 11.088484776051644], [107.45226875330036, 11.113357737769434], [107.43251653670887, 11.137443696469461], [107.45572308165498, 11.152269688595311], [107.45896076242929, 11.177624089779954], [107.4690941451787, 11.179706919638704], [107.47141723611662, 11.200349314869015], [107.48097229183787, 11.202336276997642], [107.48650927738129, 11.225095734780382], [107.49772214156366, 11.221278575845645], [107.49532546180069, 11.24335266389437], [107.51070943019613, 11.244883288433073], [107.5213443639513, 11.25331919542458], [107.51659426361442, 11.312859809732458], [107.53364249940188, 11.329480691280935], [107.54215712315278, 11.367187572148794], [107.53358198222276, 11.356058594928243], [107.5118118938039, 11.38190664747384], [107.48705380518902, 11.399567570686884], [107.48698722927725, 11.42614790969833], [107.47302573385059, 11.437061778977977], [107.4553435263827, 11.431653412674905], [107.4505413112326, 11.420820584902117], [107.44213862609678, 11.420662502072844], [107.43976442938498, 11.432485738825847], [107.42903598322408, 11.4263381540826], [107.42883330031663, 11.44080609282696], [107.44483093280138, 11.44960242021557], [107.46900035668119, 11.480816685141974], [107.42891827186082, 11.519990024819833], [107.41643089027343, 11.513626976004161], [107.40756636369679, 11.52966239260536], [107.38581597402805, 11.527386773281023], [107.37166896015447, 11.516039700571753], [107.36547202511395, 11.518562691914724], [107.37531763560048, 11.527911351427747], [107.37727562517, 11.542884607538667], [107.3592006307046, 11.556244830634455], [107.36519450332372, 11.561911260096622], [107.36011910920956, 11.582936034470436], [107.34435417990153, 11.544055478977214], [107.33128394499812, 11.554920001556866], [107.31025598972224, 11.554536889465908], [107.29619119276941, 11.584706832854124], [107.30519616916791, 11.600978382646304], [107.3026060299444, 11.618073341811339], [107.26930989203794, 11.637891234093217], [107.27123217492499, 11.650960935698663], [107.26403052718712, 11.661330299653628], [107.28367700778773, 11.688755227971455], [107.284713278595, 11.726988744634923], [107.30018816934859, 11.74062893567691], [107.34465675320666, 11.751335503131031], [107.38037150893803, 11.773124231797908], [107.41426146739286, 11.750164654175478], [107.43114286365227, 11.76697020251288], [107.45531495492128, 11.759119837810317], [107.47280655018221, 11.773324411892133], [107.4781589498757, 11.791225955913205], [107.49239849589395, 11.798290191739], [107.52727359959698, 11.800365084181351], [107.54961276911405, 11.791957468062776], [107.57473114412704, 11.820735478559527], [107.60490677482784, 11.840334608955061], [107.61664250394847, 11.839760650833398], [107.62730452258569, 11.866176464272485], [107.6549120483524, 11.878600244006122], [107.6602892657371, 11.887425053823222], [107.6737744343427, 11.887710704585402], [107.67114986007806, 11.91393742477237], [107.68737772170454, 11.920732639199969], [107.69961268517733, 11.916997989465699], [107.70868462599475, 11.923193958634329], [107.72527629756314, 11.916860380602145], [107.73185601914003, 11.903633813849467], [107.72089913708555, 11.899664350229614], [107.7304709777535, 11.881633314625844], [107.724642941019, 11.871222439763812], [107.73558226560914, 11.87391610894133], [107.7703615105753, 11.849980738120621], [107.78871846138793, 11.861256570134628], [107.82082412083656, 11.864176554604342], [107.82853094474734, 11.878025834424761], [107.84068057784646, 11.869918572983806], [107.89260175356816, 11.87137494409842], [107.89909590555163, 11.850233809143049], [107.8887568145754, 11.844904576884744], [107.88707143559833, 11.822238889613118], [107.91648409496509, 11.798681971495853], [107.92253942725284, 11.798297844070305], [107.94587328832165, 11.824239641945951], [107.95598356029313, 11.81907024709426], [107.97211982596923, 11.79132831764781], [108.00320757516954, 11.808313214183556], [108.01709471914603, 11.808767137093753], [108.02334514496255, 11.8194495199794], [108.05552403980266, 11.839218729261006], [108.06478221672597, 11.835124615108953], [108.10949352400701, 11.901026592903008], [108.0825086942209, 11.913084800922888], [108.0656456792048, 11.949260657053742], [108.05831545629331, 11.944012209096229], [108.04552548161575, 11.951497468833168], [108.0423329746871, 11.978145507908891], [108.0254414052967, 11.994655231453805], [108.02029576693616, 12.017169404544461], [108.00643802629395, 12.02852970448231], [108.00915271712427, 12.052394396684122], [107.97794203419755, 12.055639102062969], [107.96059762378138, 12.067281630842615], [107.97832677855803, 12.083514117682455], [107.98811560495125, 12.122178558893438], [108.01080431666594, 12.1252335945548], [108.03087821355876, 12.14480280540522], [108.06617202811668, 12.13429301950731], [108.09383421467732, 12.137803437678542], [108.1105212422616, 12.146937317503273], [108.1114077813441, 12.18528757696015], [108.12139100609011, 12.176618120529895], [108.16236271017101, 12.197979969799803], [108.18657265390493, 12.174416249210594], [108.2000928277219, 12.173403653955518], [108.21198364762728, 12.184009709580494], [108.22448967935526, 12.184304536125467], [108.24001771644453, 12.16220591367204], [108.25530232324371, 12.198118849405432], [108.26516362510125, 12.207647446172757], [108.27705438924875, 12.214249215528923], [108.29909195043325, 12.2094487054934], [108.32468361076008, 12.228261912057633], [108.3382880285697, 12.229163869117315], [108.33339435866276, 12.2484847618623], [108.35656790388572, 12.255925296515272], [108.38490898596098, 12.243395674670694], [108.40148504709731, 12.243980354509802], [108.42653750720024, 12.26008982668418], [108.4370744948921, 12.251373369885187], [108.44025403719411, 12.27552802509831], [108.45958008395377, 12.277849393834515], [108.46337395224617, 12.2964675230578], [108.47034955179043, 12.289236412630373], [108.48020335420148, 12.309602872474613], [108.49042807029929, 12.306055379752024], [108.5065637118459, 12.279168201051675], [108.53564902518241, 12.28303981573498], [108.54097639224676, 12.29846442359434], [108.58776670996576, 12.28920710642285], [108.59539698628197, 12.278658075010185], [108.62969062072563, 12.29267715762478], [108.6578292528178, 12.29657062043782], [108.6805163241691, 12.317532356832828], [108.70222512828713, 12.305665350075913], [108.69881402674599, 12.24101488502896], [108.7175909960277, 12.222335786267593], [108.70894104499331, 12.193802122470004], [108.7216090985811, 12.17002848302809], [108.744307272063, 12.15630831347795], [108.76734126498746, 12.155657421053206], [108.77839985856667, 12.16812146073687], [108.78634526542174, 12.16198179992017], [108.78153250212335, 12.124844675541397], [108.80714779123764, 12.061023583271776], [108.79733813744514, 12.045854497986738], [108.81822231540758, 12.040485514794739], [108.82020584302529, 12.031743574806171], [108.8525271194311, 12.015518384166171], [108.85593999803257, 12.00072894858215], [108.84530297964886, 11.984149607618349], [108.84826803184427, 11.96609509970915], [108.86102007401729, 11.969453000055978], [108.88930178195176, 11.948878225749581], [108.9142150701694, 11.953033585531614], [108.92284860677785, 11.941772962851985], [108.94627888326391, 11.938259595803743], [108.97281317788594, 11.918108310450236], [109.00269142257116, 11.924144683230622], [109.03726766267255, 11.90861853022102], [109.06405162528233, 11.849155102925693], [109.09096307488608, 11.816512827904717], [109.10781269180234, 11.807787515481493], [109.13511215300355, 11.805596544844718], [109.19324777626395, 11.812743931087596], [109.18384399100745, 11.808056491913646], [109.18501243787375, 11.794042067787245], [109.20947588520397, 11.773645024698169], [109.20966530940655, 11.76053304596337], [109.22540764504686, 11.757322516620889], [109.2199320418303, 11.748594864161703], [109.22907675039176, 11.748407968852746], [109.22796396616417, 11.72345815826742], [109.20367540369699, 11.715959079547929], [109.19729375060615, 11.728025837422535], [109.19334198474485, 11.724257866907067], [109.20203725081853, 11.708374606602888], [109.18614279125688, 11.69169246593458], [109.18828213631161, 11.685138063870625], [109.17563576807629, 11.6785937000393], [109.16547112938918, 11.623224647699374], [109.15620190519383, 11.625186518742908], [109.14889782197696, 11.618203938660884], [109.12738990661893, 11.57867810161315], [109.12718074589475, 11.564333996816572], [109.1207310474, 11.57374501891752], [109.09064558992208, 11.588669450834516], [109.05485988937244, 11.5853976102116], [109.03516040722707, 11.60981514715138], [109.04318059720686, 11.624205498684887], [109.0335757244402, 11.640716178209118], [109.00930674471056, 11.63131289207638], [109.01494163225061, 11.617643966795697], [109.04203381141133, 11.592227658079992], [109.02345827767743, 11.57458923050865], [109.03035317835656, 11.54016385617706], [109.02748444625024, 11.550790268855849], [109.0033782608981, 11.543056555215912], [109.02400449531126, 11.537421766601312], [109.01042019623515, 11.514320490898001], [109.01168382374954, 11.422925212528583], [109.00533370088965, 11.409981514035678], [109.00734419737688, 11.383037183419333], [109.01858607638638, 11.362143662400172], [108.99318871368826, 11.350812304444332], [108.9859769629665, 11.336181244868612], [108.9598937673835, 11.316843025785033], [108.93115061011264, 11.308089014196696], [108.91625915273778, 11.30906280640346], [108.9144402010545, 11.316650854153636], [108.88454321719576, 11.338229782678354]]], [[[108.83096897064155, 11.232383074419374], [108.82767287979965, 11.223778882689317], [108.81938429434979, 11.225471431061749], [108.83096897064155, 11.232383074419374]]], [[[109.0785537841299, 9.972055698711586], [109.08274299709171, 9.96981295950053], [109.0810388258812, 9.965287025975499], [109.07795825936626, 9.965302915197412], [109.0785537841299, 9.972055698711586]]], [[[109.05178578538573, 9.981640341228797], [109.0512094017925, 9.987408974144898], [109.0544149560854, 9.986311768873065], [109.05178578538573, 9.981640341228797]]], [[[108.97325337084646, 10.040938169161223], [108.97380058672775, 10.04593593109837], [108.9754902977391, 10.040927754112602], [108.97325337084646, 10.040938169161223]]], [[[108.96812754634925, 10.48329083450443], [108.96797839828452, 10.485531244471417], [108.96906557071958, 10.484609054464329], [108.96812754634925, 10.48329083450443]]], [[[108.96496421612574, 10.487930117680833], [108.95933006423115, 10.489695502145764], [108.96385636378022, 10.498770144526588], [108.9683800274164, 10.496512723883143], [108.96496421612574, 10.487930117680833]]], [[[108.96161729110514, 10.501535926741667], [108.96100748960401, 10.50370231890696], [108.9624507351134, 10.50293811100505], [108.96161729110514, 10.501535926741667]]], [[[108.95665466028441, 10.554415127755988], [108.95597535377959, 10.556550999628996], [108.95726477205164, 10.555848051746239], [108.95665466028441, 10.554415127755988]]], [[[108.95159858001051, 10.558915660829143], [108.95013241617812, 10.560603172098752], [108.95159492336705, 10.56042298393362], [108.95159858001051, 10.558915660829143]]], [[[109.14372276769166, 11.579871639564544], [109.1449976816977, 11.5844866338511], [109.14636621333017, 11.579568400761161], [109.14372276769166, 11.579871639564544]]], [[[109.17374622320972, 11.648491640177099], [109.17719630316691, 11.653894771526552], [109.17827292475573, 11.653358293550468], [109.17374622320972, 11.648491640177099]]]]}}, {"type": "Feature", "properties": {"region": "Tây Nguyên", "province_count": 8}, "geometry": {"type": "MultiPolygon", "coordinates": [[[[109.21995766531404, 11.773424801413569], [109.21133966988987, 11.787740031677174], [109.21919156433938, 11.785867336508431], [109.21995766531404, 11.773424801413569]]], [[[109.2368224960614, 11.839265702650096], [109.24057227958707, 11.850906726863968], [109.24657184131746, 11.851895669049895], [109.24966409092514, 11.835833280881388], [109.23276616512646, 11.829560881029977], [109.22232078417693, 11.836448787681434], [109.21896376336713, 11.851601756216098], [109.2368224960614, 11.839265702650096]]], [[[109.21694272322816, 12.191650796647139], [109.22141722992131, 12.198781299017867], [109.22978915374642, 12.194411496793293], [109.22304605503149, 12.186526317535652], [109.21694272322816, 12.191650796647139]]], [[[108.1114077813441, 12.18528757696015], [108.1105212422616, 12.146937317503273], [108.09021390204998, 12.13641049125124], [108.06617202811668, 12.13429301950731], [108.03087821355876, 12.14480280540522], [108.01080431666594, 12.1252335945548], [107.98811560495125, 12.122178558893438], [107.97832677855803, 12.083514117682455], [107.96059762378138, 12.067281630842615], [107.97794203419755, 12.055639102062969], [108.00915271712427, 12.052394396684122], [108.00643802629395, 12.02852970448231], [108.02029576693616, 12.017169404544461], [108.0254414052967, 11.994655231453805], [108.0423329746871, 11.978145507908891], [108.04552548161575, 11.951497468833168], [108.05831545629331, 11.944012209096229], [108.0656456792048, 11.949260657053742], [108.0825086942209, 11.913084800922888], [108.10949352400701, 11.901026592903008], [108.06478221672597, 11.835124615108953], [108.05552403980266, 11.839218729261006], [108.02334514496255, 11.8194495199794], [108.01709471914603, 11.808767137093753], [107.98399768214739, 11.800811904246018], [107.97566686003762, 11.79126482011543], [107.95598356029313, 11.81907024709426], [107.94587328832165, 11.824239641945951], [107.92122789195372, 11.797841044228846], [107.89741872119708, 11.808858556777011], [107.88707026018443, 11.824368441050751], [107.8887568145754, 11.844904576884744], [107.89924928402729, 11.852211394040637], [107.895845157628, 11.868334186973186], [107.88596215063279, 11.874109611569395], [107.84068057784646, 11.869918572983806], [107.82853094474734, 11.878025834424761], [107.82082412083656, 11.864176554604342], [107.78871846138793, 11.861256570134628], [107.77221381091869, 11.84998274810539], [107.73558226560914, 11.87391610894133], [107.724642941019, 11.871222439763812], [107.7304709777535, 11.881633314625844], [107.72089913708555, 11.899664350229614], [107.73154262789001, 11.907132309708402], [107.72527629756314, 11.916860380602145], [107.70665607921472, 11.923261075937944], [107.7001933297584, 11.917087616800131], [107.68771636681691, 11.920777002756495], [107.67158931109788, 11.914409258580463], [107.6737744343427, 11.887710704585402], [107.6602892657371, 11.887425053823222], [107.6549120483524, 11.878600244006122], [107.62730452258569, 11.866176464272485], [107.61664250394847, 11.839760650833398], [107.60490677482784, 11.840334608955061], [107.57473114412704, 11.820735478559527], [107.54961276911405, 11.791957468062776], [107.52591409176199, 11.800469841709855], [107.48324564487069, 11.795609069003376], [107.46320703557632, 11.762897222428933], [107.44785507405248, 11.758971716771384], [107.43114286365227, 11.76697020251288], [107.41339430959977, 11.750410031497779], [107.38890201741424, 11.767805685284202], [107.39602930111141, 11.776976116254787], [107.39369624298729, 11.800534189101597], [107.40739994325281, 11.806987371570017], [107.4034037652716, 11.81896797978851], [107.4253542936658, 11.86183862485268], [107.40435862405133, 11.869195815734372], [107.38432851335028, 11.915841228390036], [107.35116623413444, 11.940441843916005], [107.35447197919854, 11.95259287546088], [107.34946095316053, 11.969280030748848], [107.33477230639687, 11.99310503766742], [107.31514318900702, 12.008209811533618], [107.29368171733745, 12.01087075348255], [107.29127757679879, 12.02126993715791], [107.2772742682929, 12.014583283491788], [107.24746101581331, 12.022643340417858], [107.24125000458412, 12.027286460102118], [107.24047463609566, 12.039844400698598], [107.22816081826721, 12.029635438025082], [107.22794533261106, 12.088949644410604], [107.23919895406851, 12.115437131118767], [107.22667583612099, 12.116983235687826], [107.22222748710891, 12.128563234605622], [107.22605802975431, 12.157682521631102], [107.20290421385846, 12.298844461802503], [107.22893638100925, 12.297335796010202], [107.26861197766073, 12.325996833487125], [107.2828683778734, 12.324257146250375], [107.30566719538484, 12.333490744702146], [107.31251717672637, 12.32305977898568], [107.34631818863357, 12.328858736141797], [107.37524350898082, 12.304022393918387], [107.39762861766661, 12.261845779059513], [107.41617187113502, 12.247986271249488], [107.43502956356355, 12.254686157540164], [107.44437559525755, 12.291304229206844], [107.46262417056909, 12.298066142638447], [107.46972320925875, 12.312061352749254], [107.54321357924334, 12.353868402904538], [107.55236884404695, 12.380492405799941], [107.54585121616077, 12.416374110776644], [107.56420592496352, 12.45198160976355], [107.56431281928127, 12.473322212550102], [107.57416133727594, 12.479039799946861], [107.57794435254988, 12.493080130843396], [107.56434037630737, 12.527712388815758], [107.58782526592336, 12.558935297126311], [107.57899437489056, 12.575462126675859], [107.58100486598187, 12.61170439953844], [107.56740214519289, 12.646366952073208], [107.57442647809955, 12.682697075209887], [107.55784515772791, 12.713680903251145], [107.56570721181845, 12.732094500560777], [107.55897173575704, 12.748066103068254], [107.5607916775939, 12.792031321987963], [107.54480070009231, 12.824088095189495], [107.49730609540006, 12.880330421611745], [107.4935621017097, 12.934612701714855], [107.48352978117452, 12.956971613149449], [107.50486932276112, 12.975545264602317], [107.48354216573841, 13.02150770961316], [107.62993605670374, 13.36170422267179], [107.61599748139872, 13.529135937173805], [107.57041687773676, 13.622836065532056], [107.56714462702297, 13.667514608712281], [107.54926473867681, 13.690995741860036], [107.53186103595812, 13.74382965751272], [107.4488595196512, 13.794418696265893], [107.45970207718915, 13.81417590859138], [107.45311915582442, 13.827425375680605], [107.47034217215361, 13.851450689497767], [107.45247829084053, 13.87079508422579], [107.46918629331287, 13.892778681590926], [107.47095432178457, 13.9180413231486], [107.45253653633216, 13.931814934012039], [107.44522836839457, 13.997715834418273], [107.38345717820624, 13.9901687310022], [107.35476738670559, 14.020096316991498], [107.36159785185941, 14.062232361634244], [107.37899442565231, 14.067124785080807], [107.38044986596861, 14.079231356841717], [107.34083954930583, 14.09702386166191], [107.33084929995528, 14.108853131067178], [107.3599453808747, 14.162676532096327], [107.35727034654934, 14.171868818391317], [107.37763595293694, 14.185484658490225], [107.40263134566015, 14.233726724808548], [107.40723729906216, 14.276101396462309], [107.38916490273812, 14.32398060791877], [107.4070030589441, 14.349884995795946], [107.40779020135676, 14.36329023085949], [107.41966645044641, 14.373190717977309], [107.41795645792428, 14.41127197582108], [107.4458261783355, 14.42714938603541], [107.45904300003451, 14.407778357884979], [107.48503409874473, 14.405460136775957], [107.51023158262149, 14.500744214074246], [107.50697037828041, 14.509372463568411], [107.5190653712699, 14.520905273259814], [107.52994165698192, 14.55434272343797], [107.51582644133725, 14.58702678905513], [107.54341366131149, 14.612302672230612], [107.53725083935484, 14.624236574158601], [107.54766777564737, 14.653380276878352], [107.54817609315222, 14.679153908725937], [107.55805359179988, 14.689985777821448], [107.55524716742292, 14.72021533726803], [107.52006153411259, 14.726758395283753], [107.53908637004002, 14.751008909233803], [107.53073109266586, 14.76793832749189], [107.50536329428064, 14.790655850786948], [107.52253300419483, 14.813893264962246], [107.58741494304525, 14.867452933506115], [107.58152910598352, 14.894026930498512], [107.53841158532646, 14.908839547007517], [107.52643616259888, 14.93031897364176], [107.50440762341316, 14.931962343487385], [107.47814342128191, 14.955522271635573], [107.47818736125777, 14.972202144213611], [107.4644830818288, 14.985037940248787], [107.47596354018532, 14.990315914747725], [107.46537609782871, 15.00950967663033], [107.4727453027536, 15.022228477162514], [107.50199962298427, 15.025854819744211], [107.53913253673721, 15.050577207971799], [107.58154402573626, 15.030022950798582], [107.59387177226455, 15.049859577757331], [107.61938910542295, 15.052192664659799], [107.59780094625671, 15.090119205836743], [107.62102862077427, 15.10819662667302], [107.60774719357818, 15.130141218642393], [107.62254422573551, 15.139058400524789], [107.6241788002115, 15.150407307851026], [107.58165693831711, 15.201784315493796], [107.59283314973015, 15.211969145759497], [107.60055237079536, 15.205596093784777], [107.61927503721324, 15.215059505891531], [107.61876546695282, 15.227386435835399], [107.63121489894849, 15.230964225818411], [107.62167650856406, 15.236673974724226], [107.61382194312824, 15.288495575710328], [107.62237447600131, 15.311291018066072], [107.6328770763161, 15.319492197506975], [107.60765411104842, 15.337660398608534], [107.5962953723336, 15.382820037714623], [107.62794917191684, 15.417928333825614], [107.65391212094767, 15.396114159740705], [107.66151839975441, 15.355944780427308], [107.69101496586802, 15.318740249163227], [107.70634685092648, 15.30465651878336], [107.72701664670092, 15.309086636738925], [107.72565335721674, 15.267814233540093], [107.73510073531077, 15.230264183645204], [107.75524346361499, 15.237131425674818], [107.77502607369439, 15.219838507740974], [107.81983162363059, 15.21600880146508], [107.8345598351683, 15.20810284966683], [107.86869989778211, 15.210927858533921], [107.88964097674972, 15.194312529399781], [107.89996020709793, 15.207149436097666], [107.92651160862391, 15.210291588186294], [107.93281545327062, 15.195024676447701], [107.94729668489413, 15.187419583846747], [107.94938522724652, 15.17638832156382], [107.99590482474792, 15.155757426863829], [108.00207036535511, 15.142214328428565], [107.99590099543462, 15.117657757199765], [107.97455014127604, 15.07048704064448], [107.95181993394289, 15.057161266079618], [107.95494684432146, 15.037864341166483], [107.98514822171313, 15.001889809966826], [108.01893309708481, 15.001787470715271], [108.04253900666987, 14.994540871264235], [108.06316797772007, 14.969766559778975], [108.08383299359781, 14.965305358555497], [108.08784860502914, 14.951615609472867], [108.15390047732524, 14.969075374129261], [108.1582026972967, 14.983739507172572], [108.14563544961635, 15.04722288782608], [108.1596942786681, 15.061121699606815], [108.17413385279514, 15.061742640110822], [108.21676750221849, 15.030851301946086], [108.2397477318724, 15.036785398427469], [108.23950204068672, 15.069306465521038], [108.23363726035137, 15.079354838954714], [108.25393526470077, 15.090386971781356], [108.25691215017565, 15.120509216926848], [108.27371022154955, 15.133478448971289], [108.29974988904621, 15.174809291016004], [108.30036170682735, 15.1933720552762], [108.28972307236194, 15.198760613111858], [108.30562847127698, 15.224999534401036], [108.28475585499876, 15.229185521494685], [108.2794517021344, 15.243590527480933], [108.3016619709233, 15.260779320109577], [108.2982618510037, 15.280037745045945], [108.31327454778221, 15.299125216055927], [108.36217344834603, 15.296007945510325], [108.37963408714347, 15.304663559575658], [108.39446073397573, 15.300004248497316], [108.40472500405576, 15.311371509187836], [108.41665447682271, 15.309055409579514], [108.43235629800483, 15.326887050197286], [108.4426410096749, 15.311296405005123], [108.48403547335846, 15.310241171992516], [108.50160341656448, 15.326132402088717], [108.52533666565466, 15.3212476327721], [108.54215504731764, 15.334240721132403], [108.59788939258146, 15.345920339751956], [108.65018676730551, 15.369424100741696], [108.66919952623721, 15.36550321670012], [108.71228496807686, 15.372091221033088], [108.7368287563421, 15.400675583211637], [108.76904380123051, 15.386364515909747], [108.7697162027406, 15.342287227073939], [108.78005643495658, 15.340617376690659], [108.77661474657333, 15.387216163095502], [108.80519801427698, 15.401927765054381], [108.7942902001327, 15.424445587593823], [108.81054968641894, 15.413711155545457], [108.82467653119704, 15.419684548802934], [108.82178350930155, 15.408268789473084], [108.8312225929484, 15.399128510972048], [108.82652398869118, 15.381190209860335], [108.83377571787514, 15.367412186922934], [108.84957770194944, 15.349456371514407], [108.868442272393, 15.352582651468254], [108.86506487564355, 15.334137635443597], [108.88304578033853, 15.327722924173656], [108.86803047732474, 15.302042739980493], [108.87623997729315, 15.286815457767204], [108.90942717942085, 15.248755272837627], [108.93867470527351, 15.2416598629124], [108.933615671626, 15.216945193565891], [108.92589927173407, 15.211328220521011], [108.91446601339584, 15.21397447024566], [108.92066638744387, 15.204632963940185], [108.90090384303801, 15.203712616643998], [108.89320340970966, 15.186793402093883], [108.89844410730979, 15.095806883580849], [108.90965712887345, 15.04546377073649], [108.94097431221479, 14.948511585041672], [108.97780212017176, 14.863397961446822], [109.00303716513315, 14.813493160181224], [109.07578119314763, 14.70270412959195], [109.07327567293402, 14.692169461251694], [109.081681904996, 14.673041496467931], [109.07326921220442, 14.666680341624499], [109.0646416587856, 14.692840552449582], [109.06300958802211, 14.652166609401547], [109.07154196528955, 14.596186916493025], [109.07989437742361, 14.579759392781796], [109.0676396522482, 14.577058849186585], [109.06550456458405, 14.559479131157048], [109.09499269505687, 14.488516386721926], [109.12083282907184, 14.445643442091239], [109.11273865636394, 14.425472076675021], [109.12370391290534, 14.3945919260766], [109.11900814780785, 14.371829521215489], [109.18430322261571, 14.282665431164787], [109.17736839023905, 14.270959440825607], [109.19630065265306, 14.235523512700013], [109.18044342142684, 14.224211422719009], [109.18413161038558, 14.198634836828319], [109.21230972361491, 14.148030803678694], [109.22580459590546, 14.138103169625651], [109.21929438832541, 14.127414980716821], [109.20148911672942, 14.130756300263101], [109.17322500762805, 14.175525766700844], [109.15978312159388, 14.170771363107974], [109.15928648088646, 14.158481906115128], [109.17146184718655, 14.126200614466825], [109.2078308929814, 14.127480370422802], [109.20347635315125, 14.112842576723608], [109.21251820085433, 14.085033405867023], [109.25196993196687, 14.018335381472752], [109.2446582368882, 14.009784863980315], [109.25528162874423, 13.988394260686619], [109.2465115489689, 13.981886965111414], [109.25756828724673, 13.964153916270277], [109.2409126999612, 13.956202153006984], [109.24125817092789, 13.94341394909452], [109.2690865980681, 13.895936278636384], [109.2954373113829, 13.884389117563785], [109.2906578598724, 13.869743124745469], [109.2969966278921, 13.828721154857476], [109.2832522252101, 13.805482998741468], [109.29129783003089, 13.776328632760226], [109.28699091559832, 13.755473690858196], [109.27857170991655, 13.7631653530986], [109.25132958229443, 13.760032144767706], [109.25909938213084, 13.772468198448621], [109.25235459089174, 13.78601087779981], [109.25818720517543, 13.784051595005167], [109.25884293415413, 13.793613464889518], [109.27724292831857, 13.793649440469324], [109.2812265760457, 13.815294422399745], [109.27609005681074, 13.818970885997658], [109.26724688463605, 13.802254371442132], [109.26200773566853, 13.803802106482067], [109.24293127056177, 13.897272261106025], [109.22095497479233, 13.92502260820686], [109.22590125863621, 13.904853670060902], [109.22101918728572, 13.89970100709587], [109.22936089568884, 13.897411049880077], [109.22377775963594, 13.885702735692746], [109.22584338186664, 13.853003269185592], [109.21871214924636, 13.83852065710272], [109.22638317924037, 13.797404173863583], [109.21914483556577, 13.786689632120897], [109.24920395369958, 13.772759113842085], [109.22839732157917, 13.767772029555545], [109.2145416457804, 13.750766940541894], [109.21637490927469, 13.717779350136937], [109.23215258737207, 13.678979437750911], [109.22369610209347, 13.642590581690058], [109.25723576561813, 13.589158331791623], [109.2781857460754, 13.573652890168773], [109.29567484841556, 13.570482137840429], [109.27629693865288, 13.55471667793239], [109.28049167615, 13.527900562760806], [109.26960207417642, 13.533562567558477], [109.2680090672647, 13.560131211786029], [109.24667322998562, 13.57280879279159], [109.230131030123, 13.600922263651569], [109.22037577542176, 13.638567096694203], [109.20964737242838, 13.632799741714734], [109.20559933504131, 13.65206439445626], [109.19206296443434, 13.617698192817386], [109.20589491162093, 13.622057817414372], [109.22154010968836, 13.607098584432151], [109.23708346043344, 13.586906437482128], [109.24416602264387, 13.5556360710479], [109.26757213524593, 13.55516637312968], [109.25230720561314, 13.54830261417436], [109.24566928440998, 13.524961895774936], [109.28143007104103, 13.510443043711575], [109.29242375605156, 13.516072193576917], [109.2878888697756, 13.526299361226563], [109.29290253262582, 13.527527265870674], [109.30031873612086, 13.507778230181202], [109.29256609984571, 13.511865674061653], [109.28612290794592, 13.498460063980815], [109.29451529764293, 13.478076517017712], [109.31103351798254, 13.464894859710057], [109.32077985860366, 13.476556910972704], [109.3285077293483, 13.464178042482729], [109.31627007690258, 13.461979882665503], [109.31833860034618, 13.444828910126148], [109.30877222755629, 13.439700867001477], [109.30951366372466, 13.41567541019208], [109.30067606374939, 13.415969215107225], [109.2942191652823, 13.406312709563963], [109.28840973462161, 13.418378344185271], [109.26582748914734, 13.413609912067841], [109.25633813789483, 13.428168080692444], [109.2888880138708, 13.448514396622159], [109.28828827038745, 13.460339413133454], [109.24376750606564, 13.493096027060062], [109.22686060413366, 13.487246947988297], [109.2316137729573, 13.472208580961308], [109.2180289189995, 13.44848244101189], [109.22528148185495, 13.433211630712265], [109.23701150927377, 13.429741552530686], [109.2180737421096, 13.418137081261364], [109.22929911406294, 13.412044705898495], [109.22544054944188, 13.397907974873192], [109.2128943485954, 13.406282194667597], [109.21160979115899, 13.40195371269374], [109.22017110591185, 13.390375542097615], [109.24210811929436, 13.389736410107275], [109.24640080375417, 13.370377873540065], [109.26099038299986, 13.35840339869793], [109.23836618505146, 13.365876156959132], [109.22995423869725, 13.352163763846647], [109.24333390243771, 13.360221793700873], [109.26110277127594, 13.351000631973648], [109.26878786217014, 13.365497893113343], [109.29328608808254, 13.363869066204472], [109.28925633481208, 13.3507841354795], [109.29745903590583, 13.335597945089148], [109.28171798090017, 13.338333518177365], [109.27713573542593, 13.329024375774395], [109.28875528832594, 13.286939230960797], [109.26454317902454, 13.31755749178484], [109.25691308167342, 13.31041364707221], [109.26382409820366, 13.294209180409382], [109.24608626586854, 13.2904995947805], [109.2597316091265, 13.286066365170655], [109.25445406810081, 13.275852054228949], [109.26259985559892, 13.269837303848533], [109.26040641182652, 13.254054244208078], [109.28057398300297, 13.232073391573806], [109.2846074495742, 13.250656827650516], [109.27603439057475, 13.283768162970375], [109.2894831006646, 13.283906847423111], [109.2935343018666, 13.293223093570987], [109.31446597482494, 13.258176178887595], [109.3010215913734, 13.250654545171187], [109.30628209024633, 13.230767299871047], [109.29160693601136, 13.217628981792132], [109.30451266422813, 13.188233025533748], [109.29611191173541, 13.180924901662934], [109.29091035982532, 13.155039180114102], [109.30062784569856, 13.126691162467239], [109.32754060471518, 13.090461436945816], [109.3137285604248, 13.086122319589435], [109.30064284818894, 13.068707978790258], [109.32778560432223, 13.079571198252268], [109.32295500207175, 13.073166456866545], [109.33343584868555, 13.070848487567673], [109.33009695101356, 13.08692478285252], [109.36502430712613, 13.022289510052872], [109.39043897098179, 12.984056540177221], [109.41797357611972, 12.952492151191848], [109.40920000157888, 12.9532493156035], [109.40627312020837, 12.950299863048315], [109.42585002475892, 12.946249088124944], [109.39118478325122, 12.989494130849494], [109.42975806558235, 12.947912483174605], [109.42730494886433, 12.938939691713472], [109.44128484891672, 12.920378524649266], [109.45399590808478, 12.91456778097836], [109.44992214379198, 12.900933816842212], [109.45671391921206, 12.898973017790581], [109.45284511491019, 12.889935570470243], [109.45782318169455, 12.883014203642631], [109.44979070157967, 12.879785348814835], [109.4515315246602, 12.861195322506205], [109.41830997112834, 12.849936148634413], [109.4359470739983, 12.87107854983526], [109.43562332705494, 12.882096288113246], [109.42623785379396, 12.882140984418925], [109.3995297777771, 12.86771953342975], [109.39999658887155, 12.85777067627572], [109.38692560213497, 12.84428262264504], [109.36272604107398, 12.837841269858757], [109.35514178936216, 12.823928787483737], [109.3638937199193, 12.775328710951328], [109.3917783726738, 12.717992977094298], [109.42509609071215, 12.669813441537201], [109.4417936970217, 12.665534991546679], [109.45148780142108, 12.670009136712338], [109.45989959668907, 12.650025774569826], [109.43816462859473, 12.649161607022734], [109.43321752996519, 12.643472815917903], [109.4344160402681, 12.61571621583073], [109.42758215409327, 12.599440199105914], [109.43451306092908, 12.594233982412447], [109.43857353863802, 12.571824733224958], [109.43231234883581, 12.566276619470443], [109.41310116168933, 12.58402217608267], [109.41289824226016, 12.604322908975064], [109.39823946557891, 12.607403415235467], [109.38813924802787, 12.629589668528467], [109.40676756657001, 12.637102510472573], [109.40961513313192, 12.648547031020712], [109.4057793330499, 12.670993311592213], [109.39446963526558, 12.687016300461949], [109.38851030740489, 12.68407227441611], [109.39172004174668, 12.670298301125797], [109.3676135065582, 12.674845992848361], [109.36322471784655, 12.643935602546094], [109.3488187657735, 12.665566807762104], [109.3353963698467, 12.654150841588148], [109.33237812095359, 12.662706629107674], [109.34247870722675, 12.668402715513025], [109.35295271899292, 12.695747958501613], [109.35674793986561, 12.689212976397869], [109.36632683121843, 12.69085868987679], [109.37858422108508, 12.712956822199715], [109.35434167422892, 12.76394371922737], [109.35415630956624, 12.79929664712273], [109.34399689594017, 12.803095575000953], [109.32323012357142, 12.794857534147923], [109.31999555085417, 12.770427975071073], [109.29419616242308, 12.763231942700031], [109.25582731397935, 12.709368380646424], [109.22679196697584, 12.695954567849185], [109.20964671592338, 12.671024222190226], [109.2072148960508, 12.653777009601413], [109.18085808713101, 12.62291286963341], [109.19926494312261, 12.61367247860204], [109.18873144659909, 12.578405202138413], [109.20746839874766, 12.557962703715987], [109.2073158017829, 12.539055677177828], [109.21312158659208, 12.550438344154259], [109.20885868857778, 12.568862796281053], [109.23135886461989, 12.595259071948703], [109.23156078040586, 12.583438554745612], [109.24235171236171, 12.582703849103325], [109.23257763125275, 12.570807563118592], [109.22821082736789, 12.549075269608068], [109.2372632582929, 12.509806003744131], [109.24995191085213, 12.507313914005977], [109.27448180459169, 12.487089686439901], [109.28215735277968, 12.491340774557159], [109.29163488783985, 12.47812191499446], [109.28328365201912, 12.442168360481503], [109.28789415599061, 12.428251502904573], [109.3199045016915, 12.418208075742143], [109.33991144765525, 12.398940787986987], [109.33673732107053, 12.390311687734368], [109.32458256633237, 12.387170618429423], [109.32602626060356, 12.37427582147211], [109.31291470275147, 12.389090432677449], [109.30485428159994, 12.388200404225245], [109.29787966591391, 12.355706330282942], [109.28882857767678, 12.347410107790324], [109.27870043257906, 12.3510780008491], [109.27504752762133, 12.360149767198095], [109.26120537312954, 12.361139130266679], [109.26250782257813, 12.378069788689857], [109.23917143441423, 12.407933119018253], [109.17556496714963, 12.457160769453935], [109.16119986228398, 12.43531539698813], [109.1496415019538, 12.430317787935678], [109.15679027495139, 12.41922695186247], [109.14701961756134, 12.421256149751684], [109.14005080430121, 12.41149278226618], [109.18217258479712, 12.404812565048019], [109.19760122341785, 12.394479123612712], [109.19393483042813, 12.363069909948422], [109.19978076636932, 12.339119422423437], [109.24096934735769, 12.307122645693596], [109.23261129107829, 12.29760310150192], [109.21518171756242, 12.298525340971764], [109.20453166980087, 12.291611121056405], [109.20212981893599, 12.267346767439392], [109.1728431671786, 12.270751927159836], [109.19767138222852, 12.261950254200997], [109.19581002571232, 12.237766513114138], [109.21531469941391, 12.211370020709978], [109.21389562138586, 12.205121196586049], [109.20511991994852, 12.20109087404478], [109.18158792384372, 12.210019963850243], [109.17482787110941, 12.203982093698698], [109.1648768636764, 12.205640434558518], [109.1722500067325, 12.196243278204804], [109.18818871203956, 12.204451368935679], [109.20734037126124, 12.187113530764805], [109.19644506938454, 12.167045101750034], [109.2188473002629, 12.154947613141871], [109.22113052155635, 12.144008044835516], [109.20530833331304, 12.11938418723048], [109.19278666417324, 12.11404432948234], [109.1996616295807, 12.06539555106383], [109.2448463471813, 11.981917152154836], [109.26851831107138, 11.975175444691104], [109.2716059813311, 11.952340311656144], [109.28327537825629, 11.954804904622677], [109.27279364581022, 11.936129354586114], [109.26369828844537, 11.936398293246782], [109.25644418235333, 11.92563088126019], [109.26082624683386, 11.903073233143289], [109.27830809883989, 11.88111978195252], [109.2700502540161, 11.861247006743952], [109.25556259044134, 11.867032752859416], [109.24623505780175, 11.854615763906452], [109.24638780585275, 11.863901121939307], [109.22975272760647, 11.882432789441737], [109.20147058979592, 11.882140735506539], [109.2112892206211, 11.92531205900434], [109.20314361028943, 11.928321001713016], [109.21404548261307, 11.94091316690924], [109.2039722096498, 11.952679733782816], [109.21199833335658, 11.957071970495122], [109.2133865142763, 11.976068941828373], [109.19977380381806, 12.041725310274899], [109.18225995932983, 12.058609087939033], [109.17325899840404, 12.099191328916675], [109.17960588460397, 12.112292729825754], [109.16077761439539, 12.119976174960641], [109.15155706240859, 12.102623171522339], [109.1728505479146, 12.087628898255048], [109.1788883281339, 12.05711227161413], [109.17107477088416, 12.06625006169105], [109.17135501582146, 12.04553393914], [109.19807266242356, 12.023771608273194], [109.19597442268162, 11.996779038022225], [109.20468437018764, 11.98382435790785], [109.18487379389052, 11.948235936239541], [109.1875046436245, 11.942075983120219], [109.17556846641162, 11.932925221222149], [109.16499484303762, 11.908403995148262], [109.15253466684158, 11.909927328883157], [109.15415914642762, 11.901398995867055], [109.14656252184295, 11.89573487316602], [109.137789279152, 11.911629714939465], [109.13045297772294, 11.908705854391656], [109.10895325968522, 11.850182529800065], [109.12227227584503, 11.825923911159634], [109.14234962073851, 11.819089864006003], [109.1599454339347, 11.856455351433397], [109.16575334833851, 11.854302003934492], [109.16920949692093, 11.865318960701643], [109.18699530089259, 11.877665698213491], [109.19028929271678, 11.87301999387779], [109.1793029515701, 11.860092126150846], [109.17616011329869, 11.841240513139269], [109.18066641012683, 11.817529136460621], [109.193247776264, 11.812743931087653], [109.13511215300355, 11.805596544844832], [109.09787752412859, 11.811021710483658], [109.06405162528239, 11.849155102925636], [109.03726766267266, 11.90861853022102], [109.00269142257116, 11.92414468323068], [108.97281317788605, 11.91810831045018], [108.94627888326391, 11.9382595958038], [108.92284860677785, 11.941772962851985], [108.91421507016952, 11.953033585531614], [108.88930178195187, 11.948878225749638], [108.8610200740174, 11.969453000055978], [108.84826803184421, 11.966095099709207], [108.84530297964898, 11.984149607618349], [108.85593999803262, 12.000728948582093], [108.85252711943122, 12.015518384166228], [108.82020584302535, 12.031743574806171], [108.81822231540764, 12.040485514794739], [108.7973381374452, 12.045854497986852], [108.80714779123775, 12.061023583271776], [108.78153250212335, 12.124844675541453], [108.78634526542186, 12.16198179992017], [108.77839985856673, 12.16812146073687], [108.76734126498758, 12.15565742105332], [108.744307272063, 12.156308313477894], [108.72160909858121, 12.17002848302809], [108.70894104499342, 12.193802122470004], [108.71759099602781, 12.22233578626765], [108.69881402674594, 12.241014885029074], [108.70222512828713, 12.305665350075913], [108.68051632416922, 12.317532356832942], [108.6578292528178, 12.29657062043782], [108.62969062072563, 12.29267715762478], [108.59539698628197, 12.278658075010185], [108.58776670996576, 12.28920710642285], [108.54097639224676, 12.29846442359434], [108.53564902518241, 12.28303981573498], [108.5065637118459, 12.279168201051675], [108.49042807029929, 12.306055379752024], [108.48020335420148, 12.309602872474613], [108.47034955179043, 12.289236412630373], [108.46337395224617, 12.2964675230578], [108.45958008395377, 12.277849393834515], [108.44025403719411, 12.27552802509831], [108.4370744948921, 12.251373369885187], [108.42653750720024, 12.26008982668418], [108.40148504709731, 12.243980354509802], [108.38490898596098, 12.243395674670694], [108.35656790388572, 12.255925296515272], [108.33339435866276, 12.2484847618623], [108.3382880285697, 12.229163869117315], [108.32468361076008, 12.228261912057633], [108.29909195043325, 12.2094487054934], [108.27705438924875, 12.214249215528923], [108.26516362510125, 12.207647446172757], [108.25530232324371, 12.198118849405432], [108.24001771644453, 12.16220591367204], [108.22448967935526, 12.184304536125467], [108.21198364762728, 12.184009709580494], [108.2000928277219, 12.173403653955518], [108.18657265390493, 12.174416249210594], [108.16236271017101, 12.197979969799803], [108.12139100609011, 12.176618120529895], [108.1114077813441, 12.18528757696015]]], [[[109.20882653062006, 12.361583693932403], [109.21378277535484, 12.36344388222949], [109.21592440918425, 12.361600174008913], [109.21363987308172, 12.35898069260503], [109.20882653062006, 12.361583693932403]]], [[[109.22028197972969, 12.388092531445238], [109.22699863298072, 12.39945766523914], [109.2382182492729, 12.391098311238125], [109.23346140222208, 12.382114619993843], [109.22028197972969, 12.388092531445238]]], [[[109.2231241728424, 12.399978214423129], [109.21955784292015, 12.402831540243369], [109.22299549424679, 12.403103679591254], [109.2231241728424, 12.399978214423129]]], [[[109.21832908931606, 12.401778515965816], [109.21476265956915, 12.404631766243142], [109.21820033517747, 12.404903983831844], [109.21832908931606, 12.401778515965816]]], [[[109.21870806362631, 12.642047600916214], [109.2151374376428, 12.64490152568493], [109.21857916469673, 12.64517380172964], [109.21870806362631, 12.642047600916214]]], [[[109.2006247738143, 14.231651665991649], [109.19702584886392, 14.23450845420183], [109.20049458255897, 14.234781326497057], [109.2006247738143, 14.231651665991649]]], [[[109.20932717331044, 14.245527773487993], [109.20572812335428, 14.248384727173459], [109.2091971070609, 14.248657460073787], [109.20932717331044, 14.245527773487993]]], [[[109.20883688001805, 14.250535012480896], [109.2052377338344, 14.253391965267042], [109.20870680297662, 14.253664706261247], [109.20883688001805, 14.250535012480896]]], [[[109.12172623088094, 15.369998202754914], [109.09552864692955, 15.374433721139383], [109.09084630061636, 15.386060090900514], [109.11011179961992, 15.392785971195678], [109.14112919485655, 15.388664304514066], [109.13983592478814, 15.377546459101836], [109.12172623088094, 15.369998202754914]]], [[[109.081347877003, 15.433814996265141], [109.08419865144668, 15.427794563068687], [109.07628334130322, 15.42698139517529], [109.07542606705942, 15.431046579935753], [109.081347877003, 15.433814996265141]]], [[[109.30099170330453, 12.164271050268894], [109.29554843880959, 12.17182203156159], [109.31550158103317, 12.165785940269018], [109.31230918831858, 12.163018439449559], [109.30099170330453, 12.164271050268894]]], [[[109.2353467580466, 12.175918011806857], [109.24444766063101, 12.18034764412863], [109.24976466390814, 12.170709594472271], [109.2353467580466, 12.175918011806857]]], [[[109.26865045295614, 12.178911749677638], [109.27450768258353, 12.182508546832139], [109.27550567374789, 12.17743447921788], [109.27231312455115, 12.174581878251104], [109.26865045295614, 12.178911749677638]]], [[[109.27484062869223, 12.22909980681078], [109.29609343426472, 12.230979936674828], [109.30369741080705, 12.214346737112237], [109.31028960598059, 12.215925546427002], [109.3145159834259, 12.228676458152052], [109.32691174028474, 12.222840126970311], [109.32685496158729, 12.204724618945988], [109.33359118858249, 12.195714326654866], [109.32085264973011, 12.185956930667885], [109.28954996615818, 12.198411321525327], [109.28685740404603, 12.19164594570401], [109.29296748526127, 12.18489994487652], [109.28191924108023, 12.181908159434045], [109.2681532582663, 12.197497373804822], [109.24157814071867, 12.2116620359742], [109.23864355755427, 12.225206230683114], [109.228546732246, 12.22862452320328], [109.23635071441407, 12.234067789496976], [109.25691666637113, 12.21346081496472], [109.26300640492173, 12.237329259138164], [109.27484062869223, 12.22909980681078]]], [[[109.24325033383599, 12.28898160411785], [109.23968622433989, 12.291834942528737], [109.24312203295551, 12.292106723946176], [109.24325033383599, 12.28898160411785]]], [[[109.2900147447848, 12.486792030627726], [109.29362721532385, 12.495390725701554], [109.31308815409506, 12.498269220847988], [109.29973755014794, 12.4871072573942], [109.2900147447848, 12.486792030627726]]], [[[109.30736525530233, 12.637040691075185], [109.30404641161272, 12.640174582890722], [109.30746230743972, 12.640215241240469], [109.30736525530233, 12.637040691075185]]], [[[109.29435381087984, 12.637793948831813], [109.29103475584935, 12.640927639199276], [109.29445066066955, 12.640968507091088], [109.29435381087984, 12.637793948831813]]], [[[109.31460762344312, 12.642421747665708], [109.31620732940473, 12.646606346205942], [109.3157395587337, 12.642118038516855], [109.31460762344312, 12.642421747665708]]], [[[109.26363678111261, 12.67674003792257], [109.26031661991613, 12.679873358668715], [109.26373317134886, 12.679914724784794], [109.26363678111261, 12.67674003792257]]], [[[109.27986118664455, 12.69528912439364], [109.28408404594217, 12.7024867305783], [109.28596314068653, 12.70235218480559], [109.27986118664455, 12.69528912439364]]], [[[109.29357106075594, 12.71236802886159], [109.30319613319506, 12.72531156997303], [109.31137724696248, 12.72417239783789], [109.30065789474611, 12.713473624808103], [109.29357106075594, 12.71236802886159]]], [[[109.32122788016261, 13.166847969258413], [109.31806846828522, 13.170142728204382], [109.3213784059887, 13.169846621924137], [109.32122788016261, 13.166847969258413]]], [[[109.30888875810979, 13.17538133667938], [109.31187207823388, 13.181052781660583], [109.31202764476006, 13.174688682436795], [109.30888875810979, 13.17538133667938]]], [[[109.25357116857464, 13.68009744973756], [109.24929952735135, 13.684637266996333], [109.25079928356013, 13.685779128104343], [109.25357116857464, 13.68009744973756]]], [[[109.23588300939343, 13.682702372916253], [109.2388775989221, 13.686917586177685], [109.23949020990534, 13.683054810930855], [109.23588300939343, 13.682702372916253]]], [[[109.29703193977224, 13.762613058745728], [109.29715479435833, 13.766966566154167], [109.29872885165526, 13.76275058397232], [109.29703193977224, 13.762613058745728]]], [[[109.23109175428112, 13.85784420374705], [109.23363414130262, 13.881432171857284], [109.24308856108826, 13.868024253216788], [109.23109175428112, 13.85784420374705]]], [[[109.30222363241478, 13.87937755463048], [109.29863238857394, 13.882235547932225], [109.30209523530692, 13.882506716012188], [109.30222363241478, 13.87937755463048]]], [[[109.31742074237343, 13.900534961019673], [109.31382933755395, 13.90339324390311], [109.31729256559947, 13.9036641682668], [109.31742074237343, 13.900534961019673]]], [[[109.29540734417367, 14.141368643048509], [109.30067372731071, 14.145912352573077], [109.3012704814476, 14.144007047087598], [109.29540734417367, 14.141368643048509]]], [[[109.32178189671725, 12.004150102745086], [109.31847354991447, 12.007282162641673], [109.32187887241207, 12.007322561087335], [109.32178189671725, 12.004150102745086]]], [[[109.32560496239921, 12.035781022676247], [109.31952447157727, 12.040929580236082], [109.32593477526973, 12.047419819269408], [109.32560496239921, 12.035781022676247]]], [[[109.35495546242481, 12.27185016575271], [109.3601477288347, 12.274591151860307], [109.36120077559542, 12.269478806401821], [109.35809336611601, 12.268205629885983], [109.35495546242481, 12.27185016575271]]], [[[109.36624293616273, 12.282987826826798], [109.36831854716331, 12.286156869543959], [109.36845734403136, 12.280899271883925], [109.36624293616273, 12.282987826826798]]], [[[109.37856411044532, 12.358466458460327], [109.36598718336194, 12.368843141997502], [109.37039233703683, 12.371116244119492], [109.37856411044532, 12.358466458460327]]], [[[109.37678556260374, 12.477013916059377], [109.37363608733574, 12.48030903923086], [109.37682136281575, 12.480207260256975], [109.37678556260374, 12.477013916059377]]], [[[109.35085122190651, 12.478595336106025], [109.3473305145917, 12.490187020814517], [109.35883556311092, 12.48066826892557], [109.35085122190651, 12.478595336106025]]], [[[109.39265909044485, 12.547685771181534], [109.38934301306966, 12.550820734089655], [109.39275742771332, 12.550860010181509], [109.39265909044485, 12.547685771181534]]], [[[109.35558986937701, 12.628745554963473], [109.36238448125886, 12.634045887507739], [109.38299067428028, 12.624651779855753], [109.38322638299132, 12.606701454808444], [109.39482780465966, 12.59580081995199], [109.39895984412169, 12.574486712092153], [109.4113246346243, 12.558816635179653], [109.40623002919256, 12.552197966662959], [109.39519068470247, 12.552222827521575], [109.38248707641748, 12.567620132862885], [109.33660654795398, 12.591486005874572], [109.33726688326021, 12.603548343581224], [109.330524783692, 12.609338989203081], [109.30954009210171, 12.610778485438857], [109.3009220481141, 12.62108947439981], [109.30254821662703, 12.63101218916131], [109.31704410719988, 12.638032865424407], [109.35558986937701, 12.628745554963473]]], [[[109.44850721883324, 12.595892569686384], [109.44519121610182, 12.599028555123766], [109.44860644912848, 12.59906693099424], [109.44850721883324, 12.595892569686384]]], [[[109.37559452836484, 12.645130851907254], [109.37202604456644, 12.647987435072139], [109.37546803332322, 12.648257157042224], [109.37559452836484, 12.645130851907254]]], [[[109.34547758742087, 12.64368083090568], [109.33883483685827, 12.652800268517694], [109.34824719265401, 12.653004645747842], [109.34547758742087, 12.64368083090568]]], [[[109.39377339362738, 12.648466174774228], [109.39549637685639, 12.65628253071435], [109.40322068808433, 12.650824727779025], [109.4001837800576, 12.644520349834352], [109.39377339362738, 12.648466174774228]]], [[[109.46481941978055, 12.651639822919606], [109.4677614592241, 12.658736074610204], [109.46786830497837, 12.653116396404755], [109.46481941978055, 12.651639822919606]]], [[[109.3665223726095, 12.703942805815927], [109.36714953732132, 12.709968888553476], [109.3707107536984, 12.70930290910195], [109.3665223726095, 12.703942805815927]]], [[[109.39067106621678, 12.826958963185632], [109.39138560905866, 12.835090151988993], [109.39540363157238, 12.833847128841967], [109.39067106621678, 12.826958963185632]]], [[[109.32857497885226, 13.277069131934923], [109.33017275486878, 13.289799833195787], [109.34010506809449, 13.283923524451154], [109.3394373637434, 13.278361417245662], [109.32857497885226, 13.277069131934923]]], [[[109.3698426696036, 13.59217729744438], [109.36673984756595, 13.595534066444088], [109.37002183703822, 13.595323709621539], [109.3698426696036, 13.59217729744438]]], [[[109.35911212802233, 13.605442572816514], [109.33638610793258, 13.623954752909583], [109.3359607807655, 13.634498133881834], [109.34316071799282, 13.633939170156623], [109.36166674042778, 13.610543954639866], [109.35911212802233, 13.605442572816514]]], [[[109.3470074628242, 13.896506536947186], [109.3434165472359, 13.899365313558405], [109.3468797447045, 13.89963575498615], [109.3470074628242, 13.896506536947186]]], [[[109.35144494263005, 13.898591404669617], [109.34785405312209, 13.901450260421257], [109.35131729285882, 13.901720629903195], [109.35144494263005, 13.898591404669617]]]]}}, {"type": "Feature", "properties": {"region": "DNA-QNA", "province_count": 2}, "geometry": {"type": "MultiPolygon", "coordinates": [[[[107.81362051707328, 16.054180846069244], [107.81672917840893, 16.05844880546806], [107.82156833860802, 16.0565670010663], [107.8257460933076, 16.055416103570394], [107.82894672201365, 16.05510385805667], [107.83031352245126, 16.055394206097592], [107.81672917840905, 16.058448805468117], [107.82288506659262, 16.071339517704587], [107.81998969386933, 16.082226020614428], [107.85427115508986, 16.115492031232407], [107.85783586803103, 16.15408900350468], [107.87315935432088, 16.161014189753132], [107.87409014994063, 16.171277141427083], [107.86560807715108, 16.18470249072743], [107.87541472091283, 16.18943120698475], [107.87414772813531, 16.197532588658135], [107.9096202973389, 16.21640037687598], [107.92818462911737, 16.19874460048311], [107.95434461870934, 16.19018341793054], [107.98739812492357, 16.21439420792649], [108.01221835219525, 16.1951820683978], [108.03449038642225, 16.192236866938003], [108.05691625418189, 16.18007310369086], [108.06442333956562, 16.184501381633595], [108.08994253072336, 16.181297582817308], [108.09881819000748, 16.18774149687266], [108.12033656088357, 16.183046738116502], [108.15501196293178, 16.20647929708207], [108.1676191926718, 16.2040167815494], [108.19244818383675, 16.211386362390783], [108.19143457144838, 16.201818054259945], [108.15437102690152, 16.190263418921802], [108.15176366386208, 16.16240126540623], [108.13693500704511, 16.163636024682944], [108.13760906420703, 16.146131226475006], [108.12383364390763, 16.14205695226667], [108.12113649255525, 16.13220908358244], [108.14208720685929, 16.098590779740732], [108.16768644307507, 16.081348489141476], [108.19700982044702, 16.07407680579996], [108.21287764208961, 16.089346225747818], [108.22068192193314, 16.086225296760063], [108.22162048769553, 16.05236348888394], [108.23243817718031, 16.03385231153493], [108.20440751589416, 16.008721112189562], [108.22224813174603, 16.023758395533605], [108.23704267008321, 16.025146001786595], [108.22209191141263, 16.097068508105224], [108.23037571606659, 16.097927350766724], [108.22925965740745, 16.090783854091626], [108.2344829009653, 16.091186483269666], [108.24028141835294, 16.109424544607066], [108.21109335657331, 16.123361822190475], [108.2304851797474, 16.147327546029544], [108.25038997981392, 16.155725726461128], [108.27089039817338, 16.134981362499957], [108.28566959857324, 16.138126280003974], [108.30374747986241, 16.1239652394043], [108.31076733594392, 16.142454779964226], [108.31942343474378, 16.143717913750777], [108.33711181875555, 16.118684530966448], [108.31095770533403, 16.112064125858808], [108.30526237076191, 16.096583627832217], [108.29382836418785, 16.10629595249634], [108.26777912790459, 16.096914335528254], [108.25847561166029, 16.10317734555815], [108.24684917175205, 16.087268550803003], [108.24935687102283, 16.046311109070473], [108.28590448755281, 15.967272159032373], [108.32695371094508, 15.923571942890874], [108.4035697844181, 15.871156681435764], [108.40394457058551, 15.847884212586393], [108.42090666391147, 15.795387971677599], [108.50641996690803, 15.65587812927231], [108.58764390394305, 15.547221979410892], [108.61701175368955, 15.516110348713653], [108.64395691258153, 15.500311537447544], [108.64385825335575, 15.495678134938032], [108.63513220888439, 15.496692415522602], [108.62994782503216, 15.481632807408175], [108.60660036891198, 15.496667366705651], [108.59799013643573, 15.490583682391105], [108.59853582886547, 15.483373729414154], [108.6250457131892, 15.474230287098123], [108.62197275943538, 15.453520137844123], [108.65065550564714, 15.439559367271045], [108.6526749611806, 15.443822609725714], [108.6409477306533, 15.448755275135909], [108.64766028569369, 15.473849123838022], [108.65349157527606, 15.476154457662119], [108.67535649810395, 15.445133497512927], [108.67778290495716, 15.454794741584124], [108.66743005255495, 15.464433413571214], [108.68372625456306, 15.47428688862908], [108.68286781299923, 15.485103847864309], [108.68785642163658, 15.486783082673185], [108.70021770028671, 15.459180279246539], [108.6977516432238, 15.438406451696437], [108.7368287563421, 15.400675583211637], [108.71228496807686, 15.372091221033088], [108.66919952623721, 15.36550321670012], [108.65018676730551, 15.369424100741696], [108.59788939258146, 15.345920339751956], [108.54215504731764, 15.334240721132403], [108.52533666565466, 15.3212476327721], [108.50160341656448, 15.326132402088717], [108.48403547335846, 15.310241171992516], [108.4426410096749, 15.311296405005123], [108.43235629800483, 15.326887050197286], [108.41665447682271, 15.309055409579514], [108.40472500405576, 15.311371509187836], [108.39446073397573, 15.300004248497316], [108.37963408714347, 15.304663559575658], [108.36217344834603, 15.296007945510325], [108.31327454778221, 15.299125216055927], [108.2982618510037, 15.280037745045945], [108.3016619709233, 15.260779320109577], [108.2794517021344, 15.243590527480933], [108.28475585499876, 15.229185521494685], [108.30562847127698, 15.224999534401036], [108.28972307236194, 15.198760613111858], [108.30036170682735, 15.1933720552762], [108.29974988904621, 15.174809291016004], [108.27371022154955, 15.133478448971289], [108.25691215017565, 15.120509216926848], [108.25393526470077, 15.090386971781356], [108.23363726035137, 15.079354838954714], [108.23950204068672, 15.069306465521038], [108.2397477318724, 15.036785398427469], [108.22847306178244, 15.030839101743197], [108.21039684333971, 15.033133657192593], [108.16971213630609, 15.063010641927633], [108.14993244812405, 15.053415675193321], [108.14769827765343, 15.022185628963655], [108.1585889147467, 14.978807975807513], [108.14830599182812, 14.964274545733758], [108.08784860502914, 14.951615609472867], [108.08383299359781, 14.965305358555497], [108.06316797772007, 14.969766559778975], [108.04253900666987, 14.994540871264235], [108.01893309708481, 15.001787470715271], [107.98514822171313, 15.001889809966826], [107.96458006731632, 15.021474706792333], [107.950753831724, 15.054129700025669], [107.97455014127604, 15.07048704064448], [107.99708731272938, 15.121231727762051], [108.00207036535511, 15.142214328428565], [107.99815936486289, 15.153221088682358], [107.94938522724652, 15.17638832156382], [107.94729668489413, 15.187419583846747], [107.93281545327062, 15.195024676447701], [107.92651160862391, 15.210291588186294], [107.89996020709793, 15.207149436097666], [107.88964097674972, 15.194312529399781], [107.86869989778211, 15.210927858533921], [107.8345598351683, 15.20810284966683], [107.81983162363059, 15.21600880146508], [107.77502607369439, 15.219838507740974], [107.75524346361499, 15.237131425674818], [107.73510073531077, 15.230264183645204], [107.72565335721674, 15.267814233540093], [107.72701664670092, 15.309086636738925], [107.70634685092648, 15.30465651878336], [107.69101496586802, 15.318740249163227], [107.6626351167173, 15.353718353119575], [107.65948818473203, 15.387080149629242], [107.63656973490538, 15.415839948854625], [107.60130953430763, 15.421950557971911], [107.55962260569873, 15.395761567942031], [107.54257496975913, 15.4063292162204], [107.52840179820447, 15.406212147872395], [107.51708362520918, 15.416563734029125], [107.52536073620905, 15.440575200085448], [107.51235238365564, 15.47368002970967], [107.47749304956466, 15.47878967540322], [107.48077506871454, 15.488961013140283], [107.46927020905298, 15.498592619154124], [107.4361002514255, 15.504864350809214], [107.42764441725609, 15.491134261736818], [107.38046012543452, 15.49481640185553], [107.36251401730811, 15.551492956934453], [107.36283015598696, 15.570452659462717], [107.3413260348687, 15.575713974920063], [107.35125701799706, 15.590672532511405], [107.34737962516965, 15.601907409399473], [107.34027226055645, 15.6043417482731], [107.34105765828434, 15.61459821583503], [107.31887199944327, 15.626424458122301], [107.2879624787854, 15.62517661820641], [107.27386904112342, 15.63530241787231], [107.2624531280095, 15.657832732894349], [107.2753870032077, 15.697355696608156], [107.26538537113805, 15.710087062468006], [107.26485903661529, 15.72149000376072], [107.25000990043662, 15.721518003253323], [107.25211302619527, 15.739697677905554], [107.24541396098556, 15.746063350043642], [107.21136819678492, 15.741694219612612], [107.20937716342542, 15.758097253885182], [107.21703438432945, 15.777802640979132], [107.2276675212392, 15.78539886806334], [107.2236153739504, 15.806160321841446], [107.20871770675683, 15.828557253914198], [107.2316967708893, 15.844781791646426], [107.24775784334986, 15.840855008951564], [107.26964999315271, 15.853048608106803], [107.27047380002591, 15.861373543254444], [107.2797013901071, 15.858918013655455], [107.29543397439846, 15.869813467517588], [107.30237138693002, 15.867797702801795], [107.31410143143597, 15.885439896733885], [107.3257702482984, 15.89050331997231], [107.33627708621862, 15.886301985947966], [107.34513769175112, 15.894224763162356], [107.3688194879291, 15.898840466114677], [107.38298408984394, 15.888150504642113], [107.3983503119174, 15.896785116839737], [107.4264447288412, 15.932843430679839], [107.44480677521256, 15.980662374968688], [107.44144286379719, 15.991871443112643], [107.44861722610415, 15.991945057118755], [107.46540490940913, 16.025993123583817], [107.48656441391665, 16.041567014406212], [107.4990623022835, 16.035094941678267], [107.50818620413008, 16.018826310186114], [107.54456138779784, 16.011509297416183], [107.55862097138078, 16.02268769058452], [107.55397009414457, 16.04691240658235], [107.61808984137315, 16.06495746711346], [107.62382474341723, 16.050288824869426], [107.61932082799387, 16.0333484375804], [107.6644790668555, 16.017167671650782], [107.6775147480073, 15.999261509611017], [107.7008926003133, 15.996001433019785], [107.72419255694103, 16.01191234208096], [107.72489741678243, 16.03144608726717], [107.76630815459771, 16.05306170453406], [107.77210521868096, 16.06775584615542], [107.7877548216278, 16.0675381166908], [107.81362051707328, 16.054180846069244]], [[107.83528933283651, 16.059778588910774], [107.83528933283645, 16.059778588910774], [107.83397983757759, 16.05853690378116], [107.83528933283651, 16.059778588910774]], [[107.84543199479077, 16.061150334720196], [107.85449630482123, 16.06194784619766], [107.85063909911531, 16.061678708905447], [107.84543199479089, 16.06115033472031], [107.84022474117893, 16.06083170312064], [107.84543199479077, 16.061150334720196]], [[107.8577050697333, 16.06224303942624], [107.8717420038904, 16.05372008381488], [107.8875911187352, 16.046065570769542], [107.89056337629881, 16.04338491927865], [107.8943279383837, 16.04032144617787], [107.89799361371433, 16.036778897028512], [107.8577050697333, 16.06224303942624]], [[107.90047001388012, 16.03505579239095], [107.91106130893235, 16.043969142262142], [107.91630957210724, 16.046542326089497], [107.91106130893235, 16.043969142262256], [107.90047001388012, 16.035055792391063], [107.89799361371433, 16.036778897028512], [107.90047001388012, 16.03505579239095]], [[107.92997167195517, 16.053938555220213], [107.94827805854494, 16.062751974065172], [107.92283236657593, 16.049988944578867], [107.92997167195517, 16.053938555220213]], [[107.955444884374, 16.065393239006823], [107.95544488437406, 16.06539323900688], [107.95244371900253, 16.064316952300732], [107.955444884374, 16.065393239006823]], [[107.95944451485263, 16.066273305668574], [107.95944451485256, 16.06627330566856], [107.96098999888937, 16.06574602955567], [107.95944451485263, 16.066273305668574]], [[107.96126301957274, 16.064163381035325], [107.96126301957275, 16.06416338103537], [107.96098999888937, 16.06574602955567], [107.96126301957274, 16.064163381035325]], [[107.9608728487295, 16.062632656658703], [107.95681328200743, 16.0429720234402], [107.9570868305928, 16.03892741606745], [107.9589962747583, 16.03549861496913], [107.9608728487295, 16.062632656658703]], [[107.9589962747583, 16.03549861496913], [107.96672350428634, 16.02653133185555], [107.97035980596036, 16.02099242625951], [107.9589962747583, 16.03549861496913]], [[107.97035980596036, 16.02099242625951], [107.98138680815475, 16.011226440847622], [107.98164973214949, 16.008875336028044], [107.97035980596036, 16.02099242625951]], [[107.98099346717481, 16.003537562908264], [107.98099346717487, 16.003537562908377], [107.9814883600914, 16.007562806078738], [107.98099346717481, 16.003537562908264]], [[107.9777770841452, 15.988159559715939], [107.97263821007738, 15.983784955519411], [107.9794185402335, 15.991082761959944], [107.9777770841452, 15.988159559715939]], [[107.96262157322707, 15.975109207024332], [107.96262157322701, 15.975109207024275], [107.96384995729305, 15.976125015723616], [107.96262157322707, 15.975109207024332]], [[107.95142222315712, 15.957933975272795], [107.95357210466904, 15.962271070053873], [107.95384003968616, 15.96634753860809], [107.95357210466898, 15.962271070053873], [107.95142222315712, 15.957933975272795]], [[107.9484659978076, 15.953076281844972], [107.94891495016486, 15.949693824610392], [107.95142222315712, 15.957933975272795], [107.9484659978076, 15.953076281844972]], [[107.951783642701, 15.945704801635316], [107.98163469458552, 15.920725517568656], [107.98777924591553, 15.920651608584933], [107.99522948335402, 15.921618399569525], [108.00206534444015, 15.922956664518495], [108.00844049273462, 15.925707290459115], [107.98163469458558, 15.920725517568712], [107.951783642701, 15.945704801635316]], [[108.00844049273462, 15.925707290459115], [108.01988549711808, 15.930762044233006], [108.02674098197085, 15.932125538203115], [108.00844049273462, 15.925707290459115]], [[108.03423886403243, 15.93423477361597], [108.04096531683109, 15.9354012130254], [108.02994252472786, 15.932947460011242], [108.03423886403243, 15.93423477361597]], [[108.04964897886734, 15.935552032650236], [108.06010649032231, 15.932175214614517], [108.06434926420724, 15.928457469436694], [108.06879473269083, 15.926989040212106], [108.07196977568478, 15.926826225261651], [108.05788421878174, 15.934816518967295], [108.05515610736848, 15.935501855426367], [108.04964897886734, 15.935552032650236]], [[108.08102111663129, 15.927082576000146], [108.0810211166314, 15.927082576000203], [108.07817650344305, 15.92691152217126], [108.08102111663129, 15.927082576000146]], [[108.08445731555275, 15.928743902609085], [108.08648078296181, 15.934709093150161], [108.08961458484526, 15.937641897455649], [108.08445731555275, 15.928743902609085]], [[108.10315953318599, 15.946046886654528], [108.11232269403718, 15.945735100694378], [108.08961458484526, 15.937641897455649], [108.10315953318599, 15.946046886654528]], [[108.11232269403718, 15.945735100694378], [108.1283107919096, 15.934970214004238], [108.13350202140123, 15.93245398376439], [108.13786371893553, 15.932049127865014], [108.14116459686886, 15.932709970909977], [108.11232269403718, 15.945735100694378]], [[108.14832766459008, 15.93497519804713], [108.14470234730167, 15.933641743505707], [108.14832766459011, 15.934975198047027], [108.14832766459008, 15.93497519804713]], [[108.14860836098711, 15.947585384757758], [108.14860836098711, 15.947585384757815], [108.14843422900687, 15.946494835368469], [108.14860836098711, 15.947585384757758]], [[108.15167507164728, 15.954817474546871], [108.16714308618452, 15.94221297784668], [108.1699280698246, 15.940739884737923], [108.17398032323337, 15.940246333201742], [108.17727430876238, 15.941591971692162], [108.16992806982472, 15.94073988473798], [108.16107090869559, 15.950797908796574], [108.15613345709352, 15.953375648167707], [108.15167507164728, 15.954817474546871]], [[108.18019290108157, 15.947963473235745], [108.18019290108151, 15.947963473235802], [108.1780651454492, 15.943318426304415], [108.18019290108157, 15.947963473235745]], [[108.18146496448671, 15.963881111423865], [108.18045467933996, 15.957401565829684], [108.1803873840782, 15.954823236952933], [108.18045467934002, 15.957401565829628], [108.18146496448671, 15.963881111423865]], [[108.19198698990772, 15.964255776682819], [108.18514888501323, 15.965977844402175], [108.18299584957884, 15.966224838705386], [108.18514888501312, 15.965977844402062], [108.19198698990772, 15.964255776682819]], [[108.20132512825217, 15.965308586921765], [108.20417095462591, 15.961430837063517], [108.20403598353752, 15.958805614805541], [108.20417095462602, 15.961430837063517], [108.20362988291288, 15.963139001263983], [108.20132512825217, 15.965308586921765]], [[108.20909481567327, 15.943813247683295], [108.2058824076471, 15.94742276125146], [108.2027710708283, 15.952565497499734], [108.20588240764704, 15.94742276125146], [108.20909481567327, 15.943813247683295]], [[108.22043323960241, 15.950808996537944], [108.2205009420649, 15.950446344323382], [108.22043323960241, 15.950808996538], [108.22043323960241, 15.950808996537944]], [[108.22748364475454, 15.958428373071056], [108.22654229275003, 15.958377313019952], [108.22748364475444, 15.958428373071001], [108.22748364475454, 15.958428373071056]], [[108.22862561827773, 15.959089823536642], [108.22779601026072, 15.958609300478997], [108.2286256182777, 15.959089823536601], [108.22862561827773, 15.959089823536642]], [[108.23348294028551, 15.965214232750668], [108.23348294028551, 15.965214232750725], [108.23188325526203, 15.963271089835043], [108.23348294028551, 15.965214232750668]], [[108.24239572628181, 15.974315967208156], [108.24239572628187, 15.974315967208213], [108.23885380306064, 15.97106185222276], [108.24239572628181, 15.974315967208156]], [[108.24954316288671, 15.976323860158061], [108.25569483594799, 15.974387442176749], [108.24750806748062, 15.9760899181896], [108.24954316288671, 15.976323860158061]], [[108.25883549785999, 15.967701465250457], [108.2645527210313, 15.965206141550226], [108.25697396145506, 15.972048698939943], [108.25883549785999, 15.967701465250457]], [[108.27246807524148, 15.964609101428948], [108.27204270460719, 15.963398080956722], [108.27246807524153, 15.964609101428946], [108.27246807524148, 15.964609101428948]], [[108.27789934188121, 15.964434374846576], [108.27789934188132, 15.964434374846633], [108.27262742293706, 15.964603975133354], [108.27789934188121, 15.964434374846576]], [[108.28529884496581, 15.966829141751555], [108.28483104731477, 15.966638343834221], [108.28529884496578, 15.966829141751532], [108.28529884496581, 15.966829141751555]]], [[[108.48048442561583, 15.940783651144613], [108.47535180044531, 15.946596303176875], [108.48375034780037, 15.950331253284787], [108.48048442561583, 15.940783651144613]]], [[[108.53651811381997, 15.955870507817735], [108.53925761065028, 15.925833795393373], [108.53177851216867, 15.923258976120906], [108.50666284141704, 15.943112168591767], [108.50134411413961, 15.95882205939057], [108.48984692119853, 15.956801126270989], [108.4816950129146, 15.967875994881297], [108.5018189858576, 15.979568780474892], [108.50982404384462, 15.966446017969417], [108.53651811381997, 15.955870507817735]]], [[[108.44033486196435, 15.972605821801267], [108.44535857114118, 15.980512385138525], [108.44994368815077, 15.981321806456265], [108.44709644894203, 15.969315868832325], [108.44033486196435, 15.972605821801267]]], [[[108.19934220407958, 16.212244031436967], [108.19723339190756, 16.221391121403144], [108.20507549273992, 16.227116556284216], [108.20852320568156, 16.215920677597296], [108.19934220407958, 16.212244031436967]]], [[[108.64393706814127, 15.478161109547614], [108.63794768044119, 15.482103115966083], [108.64736130607946, 15.48150979364209], [108.64393706814127, 15.478161109547614]]], [[[108.61664446696864, 15.480020751956204], [108.61173922908222, 15.489389285587094], [108.62436112226806, 15.481374047274528], [108.61664446696864, 15.480020751956204]]], [[[108.67302351372422, 15.488331601022594], [108.6775371184433, 15.475230974429962], [108.6491471033562, 15.49577221481593], [108.6700575262339, 15.503937022975265], [108.67281083125494, 15.516835535931307], [108.68143386378188, 15.507486425857905], [108.67302351372422, 15.488331601022594]]], [[[108.6877000709016, 15.812933210599226], [108.6904709486754, 15.81968108201636], [108.69651355735488, 15.814884019981605], [108.69424796097468, 15.811683608911494], [108.6877000709016, 15.812933210599226]]], [[[108.52854190788281, 15.905453788161822], [108.53285981203078, 15.91233633305535], [108.5407614479825, 15.914910059651561], [108.53911108500864, 15.90406249019179], [108.52854190788281, 15.905453788161822]]]]}}]}